date,day_of_week,month,year,quarter,is_weekend,is_holiday_period,new_admissions,discharges,patients_in_hospital,available_beds,total_beds,occupancy_rate_pct,emergency_admissions,elective_admissions,surgeries_performed,icu_level_patients,avg_los_current_patients,high_bed_pressure,critical_capacity,rolling_7d_avg_admissions,rolling_30d_avg_admissions,rolling_7d_avg_occupancy,rolling_30d_avg_occupancy,net_patient_flow
2022-01-01,Saturday,January,2022,Q1,1,1,0,0,0,200,200,0.0,0,0,0,0,0.0,0,0,0.0,0.0,0.0,0.0,0
2022-01-02,Sunday,January,2022,Q1,1,1,0,0,0,200,200,0.0,0,0,0,0,0.0,0,0,0.0,0.0,0.0,0.0,0
2022-01-03,Monday,January,2022,Q1,0,0,5,0,5,195,200,2.5,2,3,4,0,7.6,0,0,1.67,1.67,0.83,0.83,5
2022-01-04,Tuesday,January,2022,Q1,0,0,8,0,13,187,200,6.5,1,7,5,3,6.8,0,0,3.25,3.25,2.25,2.25,8
2022-01-05,Wednesday,January,2022,Q1,0,0,9,0,22,178,200,11.0,4,5,2,5,6.6,0,0,4.4,4.4,4.0,4.0,9
2022-01-06,Thursday,January,2022,Q1,0,0,11,1,32,168,200,16.0,2,9,3,8,7.1,0,0,5.5,5.5,6.0,6.0,10
2022-01-07,Friday,January,2022,Q1,0,0,9,2,39,161,200,19.5,2,7,3,10,7.2,0,0,6.0,6.0,7.93,7.93,7
2022-01-08,Saturday,January,2022,Q1,1,0,4,3,40,160,200,20.0,1,3,0,11,7.4,0,0,6.57,5.75,10.79,9.44,1
2022-01-09,Sunday,January,2022,Q1,1,0,7,2,45,155,200,22.5,3,4,4,11,7.6,0,0,7.57,5.89,14.0,10.89,5
2022-01-10,Monday,January,2022,Q1,0,0,20,4,61,139,200,30.5,4,16,10,16,7.9,0,0,9.71,7.3,18.0,12.85,16
2022-01-11,Tuesday,January,2022,Q1,0,0,13,2,72,128,200,36.0,3,10,5,18,7.8,0,0,10.43,7.82,22.21,14.95,11
2022-01-12,Wednesday,January,2022,Q1,0,0,18,9,81,119,200,40.5,6,12,4,19,8.0,0,0,11.71,8.67,26.43,17.08,9
2022-01-13,Thursday,January,2022,Q1,0,0,10,10,81,119,200,40.5,4,6,5,19,8.1,0,0,11.57,8.77,29.93,18.88,0
2022-01-14,Friday,January,2022,Q1,0,0,11,6,86,114,200,43.0,2,9,6,19,8.2,0,0,11.86,8.93,33.29,20.61,5
2022-01-15,Saturday,January,2022,Q1,1,0,5,8,83,117,200,41.5,2,3,1,16,8.2,0,0,12.0,8.67,36.36,22.0,-3
2022-01-16,Sunday,January,2022,Q1,1,0,4,11,76,124,200,38.0,2,2,2,14,8.4,0,0,11.57,8.38,38.57,23.0,-7
2022-01-17,Monday,January,2022,Q1,0,0,13,11,78,122,200,39.0,5,8,6,13,8.5,0,0,10.57,8.65,39.79,23.94,2
2022-01-18,Tuesday,January,2022,Q1,0,0,23,10,91,109,200,45.5,9,14,9,17,8.5,0,0,12.0,9.44,41.14,25.14,13
2022-01-19,Wednesday,January,2022,Q1,0,0,13,10,94,106,200,47.0,2,11,2,18,8.2,0,0,11.29,9.63,42.07,26.29,3
2022-01-20,Thursday,January,2022,Q1,0,0,10,10,94,106,200,47.0,3,7,1,22,8.3,0,0,11.29,9.65,43.0,27.32,0
2022-01-21,Friday,January,2022,Q1,0,0,10,13,91,109,200,45.5,8,2,6,23,8.5,0,0,11.14,9.67,43.36,28.19,-3
2022-01-22,Saturday,January,2022,Q1,1,0,5,14,82,118,200,41.0,2,3,2,24,8.5,0,0,11.14,9.45,43.29,28.77,-9
2022-01-23,Sunday,January,2022,Q1,1,0,13,13,82,118,200,41.0,4,9,5,25,8.3,0,0,12.43,9.61,43.71,29.3,0
2022-01-24,Monday,January,2022,Q1,0,0,22,9,95,105,200,47.5,9,13,10,27,8.4,0,0,13.71,10.12,44.93,30.06,13
2022-01-25,Tuesday,January,2022,Q1,0,0,17,12,100,100,200,50.0,8,9,5,29,8.4,0,0,12.86,10.4,45.57,30.86,5
2022-01-26,Wednesday,January,2022,Q1,0,0,14,10,104,96,200,52.0,6,8,4,29,8.3,0,0,13.0,10.54,46.29,31.67,4
2022-01-27,Thursday,January,2022,Q1,0,0,11,14,101,99,200,50.5,3,8,2,29,8.3,0,0,13.14,10.56,46.79,32.37,-3
2022-01-28,Friday,January,2022,Q1,0,0,12,13,100,100,200,50.0,2,10,4,29,8.4,0,0,13.43,10.61,47.43,33.0,-1
2022-01-29,Saturday,January,2022,Q1,1,0,8,14,94,106,200,47.0,1,7,4,24,8.5,0,0,13.86,10.52,48.29,33.48,-6
2022-01-30,Sunday,January,2022,Q1,1,0,6,11,89,111,200,44.5,3,3,1,23,8.7,0,0,12.86,10.37,48.79,33.85,-5
2022-01-31,Monday,January,2022,Q1,0,0,23,19,93,107,200,46.5,8,15,7,21,8.8,0,0,13.0,11.13,48.64,35.4,4
2022-02-01,Tuesday,February,2022,Q1,0,0,22,7,108,92,200,54.0,6,16,10,21,8.7,0,0,13.71,11.87,49.21,37.2,15
2022-02-02,Wednesday,February,2022,Q1,0,0,15,10,113,87,200,56.5,4,11,8,20,8.6,0,0,13.86,12.2,49.86,39.0,5
2022-02-03,Thursday,February,2022,Q1,0,0,13,9,117,83,200,58.5,4,9,4,20,8.3,0,0,14.14,12.37,51.0,40.73,4
2022-02-04,Friday,February,2022,Q1,0,0,16,12,121,79,200,60.5,6,10,5,22,8.3,0,0,14.71,12.6,52.5,42.38,4
2022-02-05,Saturday,February,2022,Q1,1,0,10,16,115,85,200,57.5,3,7,2,20,8.1,0,0,15.0,12.57,54.0,43.77,-6
2022-02-06,Sunday,February,2022,Q1,1,0,5,17,103,97,200,51.5,0,5,2,20,8.3,0,0,14.86,12.43,55.0,44.83,-12
2022-02-07,Monday,February,2022,Q1,0,0,26,16,113,87,200,56.5,6,20,9,27,8.1,0,0,15.29,13.17,56.43,46.05,10
2022-02-08,Tuesday,February,2022,Q1,0,0,18,12,119,81,200,59.5,3,15,7,26,8.0,0,0,14.71,13.53,57.21,47.28,6
2022-02-09,Wednesday,February,2022,Q1,0,0,12,18,113,87,200,56.5,4,8,6,21,7.9,0,0,14.29,13.27,57.21,48.15,-6
2022-02-10,Thursday,February,2022,Q1,0,0,15,19,109,91,200,54.5,7,8,7,20,7.7,0,0,14.57,13.33,56.64,48.77,-4
2022-02-11,Friday,February,2022,Q1,0,0,8,19,98,102,200,49.0,3,5,3,22,7.9,0,0,13.43,13.0,55.0,49.05,-11
2022-02-12,Saturday,February,2022,Q1,1,0,2,15,85,115,200,42.5,0,2,0,19,8.1,0,0,12.29,12.73,52.86,49.12,-13
2022-02-13,Sunday,February,2022,Q1,1,0,12,15,82,118,200,41.0,2,10,3,18,7.9,0,0,13.29,12.77,51.36,49.05,-3
2022-02-14,Monday,February,2022,Q1,0,0,19,15,86,114,200,43.0,5,14,11,22,7.9,0,0,12.29,13.23,49.43,49.1,4
2022-02-15,Tuesday,February,2022,Q1,0,0,10,12,84,116,200,42.0,2,8,3,23,7.7,0,0,11.14,13.43,46.93,49.23,-2
2022-02-16,Wednesday,February,2022,Q1,0,0,11,9,86,114,200,43.0,3,8,5,24,7.8,0,0,11.0,13.37,45.0,49.37,2
2022-02-17,Thursday,February,2022,Q1,0,0,14,17,83,117,200,41.5,3,11,5,19,7.7,0,0,10.86,13.07,43.14,49.23,-3
2022-02-18,Friday,February,2022,Q1,0,0,10,11,82,118,200,41.0,3,7,4,17,7.8,0,0,11.14,12.97,42.0,49.03,-1
2022-02-19,Saturday,February,2022,Q1,1,0,4,13,73,127,200,36.5,1,3,1,16,8.0,0,0,11.43,12.77,41.14,48.68,-9
2022-02-20,Sunday,February,2022,Q1,1,0,9,12,70,130,200,35.0,3,6,0,13,7.9,0,0,11.0,12.73,40.29,48.33,-3
2022-02-21,Monday,February,2022,Q1,0,0,11,10,71,129,200,35.5,5,6,7,9,7.8,0,0,9.86,12.93,39.21,48.15,1
2022-02-22,Tuesday,February,2022,Q1,0,0,14,8,77,123,200,38.5,6,8,6,8,7.9,0,0,10.43,12.97,38.71,48.07,6
2022-02-23,Wednesday,February,2022,Q1,0,0,14,17,74,126,200,37.0,4,10,4,8,8.1,0,0,10.86,12.7,37.86,47.72,-3
2022-02-24,Thursday,February,2022,Q1,0,0,19,7,86,114,200,43.0,8,11,4,9,7.9,0,0,11.57,12.77,38.07,47.48,12
2022-02-25,Friday,February,2022,Q1,0,0,9,9,86,114,200,43.0,2,7,1,8,7.9,0,0,11.43,12.6,38.36,47.18,0
2022-02-26,Saturday,February,2022,Q1,1,0,4,10,80,120,200,40.0,2,2,3,6,8.2,0,0,11.43,12.37,38.86,46.83,-6
2022-02-27,Sunday,February,2022,Q1,1,0,8,12,76,124,200,38.0,4,4,0,8,8.4,0,0,11.29,12.23,39.29,46.43,-4
2022-02-28,Monday,February,2022,Q1,0,0,12,10,78,122,200,39.0,3,9,3,9,8.3,0,0,11.43,12.37,39.79,46.17,2
2022-03-01,Tuesday,March,2022,Q1,0,0,17,11,84,116,200,42.0,7,10,7,9,8.1,0,0,11.86,12.73,40.29,46.08,6
2022-03-02,Wednesday,March,2022,Q1,0,0,8,9,83,117,200,41.5,4,4,4,11,8.3,0,0,11.0,12.23,40.93,45.92,-1
2022-03-03,Thursday,March,2022,Q1,0,0,10,11,82,118,200,41.0,2,8,2,10,8.3,0,0,9.71,11.83,40.64,45.48,-1
2022-03-04,Friday,March,2022,Q1,0,0,16,10,88,112,200,44.0,2,14,7,13,8.1,0,0,10.71,11.87,40.79,45.07,6
2022-03-05,Saturday,March,2022,Q1,1,0,8,11,85,115,200,42.5,1,7,5,15,8.3,0,0,11.29,11.7,41.14,44.53,-3
2022-03-06,Sunday,March,2022,Q1,1,0,6,11,80,120,200,40.0,2,4,3,17,8.1,0,0,11.0,11.37,41.43,43.85,-5
2022-03-07,Monday,March,2022,Q1,0,0,16,16,80,120,200,40.0,5,11,6,17,8.2,0,0,11.57,11.57,41.57,43.27,0
2022-03-08,Tuesday,March,2022,Q1,0,0,14,11,83,117,200,41.5,7,7,2,20,8.2,0,0,11.14,11.87,41.5,42.93,3
2022-03-09,Wednesday,March,2022,Q1,0,0,4,12,75,125,200,37.5,2,2,1,19,8.4,0,0,10.57,11.13,40.93,42.3,-8
2022-03-10,Thursday,March,2022,Q1,0,0,10,9,76,124,200,38.0,3,7,3,19,8.4,0,0,10.57,10.87,40.5,41.58,1
2022-03-11,Friday,March,2022,Q1,0,0,6,10,72,128,200,36.0,1,5,3,16,8.3,0,0,9.14,10.67,39.36,40.9,-4
2022-03-12,Saturday,March,2022,Q1,1,0,8,11,69,131,200,34.5,4,4,2,16,8.6,0,0,9.14,10.43,38.21,40.23,-3
2022-03-13,Sunday,March,2022,Q1,1,0,7,10,66,134,200,33.0,2,5,4,14,8.8,0,0,9.29,10.4,37.21,39.7,-3
2022-03-14,Monday,March,2022,Q1,0,0,14,7,73,127,200,36.5,7,7,8,17,9.1,0,0,9.0,10.8,36.71,39.5,7
2022-03-15,Tuesday,March,2022,Q1,0,0,12,10,75,125,200,37.5,4,8,6,18,8.8,0,0,8.71,10.8,36.14,39.38,2
2022-03-16,Wednesday,March,2022,Q1,0,0,10,11,74,126,200,37.0,3,7,4,16,8.5,0,0,9.57,10.5,36.07,39.18,-1
2022-03-17,Thursday,March,2022,Q1,0,0,9,10,73,127,200,36.5,4,5,3,17,8.5,0,0,9.43,10.47,35.86,39.0,-1
2022-03-18,Friday,March,2022,Q1,0,0,9,9,73,127,200,36.5,3,6,4,15,8.5,0,0,9.86,10.4,35.93,38.78,0
2022-03-19,Saturday,March,2022,Q1,1,0,6,10,69,131,200,34.5,2,4,4,15,8.6,0,0,9.57,10.13,35.93,38.55,-4
2022-03-20,Sunday,March,2022,Q1,1,0,3,7,65,135,200,32.5,0,3,2,15,8.6,0,0,9.0,9.9,35.86,38.27,-4
2022-03-21,Monday,March,2022,Q1,0,0,11,8,68,132,200,34.0,3,8,5,17,9.0,0,0,8.57,10.13,35.5,38.18,3
2022-03-22,Tuesday,March,2022,Q1,0,0,10,11,67,133,200,33.5,1,9,4,13,9.1,0,0,8.29,10.17,34.93,38.13,-1
2022-03-23,Wednesday,March,2022,Q1,0,0,8,9,66,134,200,33.0,2,6,4,14,9.1,0,0,8.0,10.07,34.36,38.05,-1
2022-03-24,Thursday,March,2022,Q1,0,0,8,8,66,134,200,33.0,2,6,2,16,9.0,0,0,7.86,9.87,33.86,37.87,0
2022-03-25,Friday,March,2022,Q1,0,0,4,5,65,135,200,32.5,2,2,3,15,9.0,0,0,7.14,9.53,33.29,37.72,-1
2022-03-26,Saturday,March,2022,Q1,1,0,7,12,60,140,200,30.0,2,5,3,13,8.9,0,0,7.29,9.13,32.64,37.28,-5
2022-03-27,Sunday,March,2022,Q1,1,0,10,12,58,142,200,29.0,3,7,8,14,8.8,0,0,8.29,9.17,32.14,36.82,-2
2022-03-28,Monday,March,2022,Q1,0,0,7,4,61,139,200,30.5,2,5,3,16,8.7,0,0,7.71,9.27,31.64,36.5,3
2022-03-29,Tuesday,March,2022,Q1,0,0,7,9,59,141,200,29.5,2,5,6,16,8.8,0,0,7.29,9.23,31.07,36.22,-2
2022-03-30,Wednesday,March,2022,Q1,0,0,11,9,61,139,200,30.5,2,9,2,17,8.9,0,0,7.71,9.2,30.71,35.93,2
2022-03-31,Thursday,March,2022,Q1,0,0,13,7,67,133,200,33.5,7,6,3,19,8.7,0,0,8.43,9.07,30.79,35.65,6
2022-04-01,Friday,April,2022,Q2,0,0,8,5,70,130,200,35.0,5,3,1,17,8.7,0,0,9.0,9.07,31.14,35.43,3
2022-04-02,Saturday,April,2022,Q2,1,0,5,7,68,132,200,34.0,1,4,1,15,8.7,0,0,8.71,8.9,31.71,35.2,-2
2022-04-03,Sunday,April,2022,Q2,1,0,1,8,61,139,200,30.5,1,0,0,13,8.9,0,0,7.43,8.4,31.93,34.75,-7
2022-04-04,Monday,April,2022,Q2,0,0,8,7,62,138,200,31.0,4,4,3,13,8.8,0,0,7.57,8.4,32.0,34.37,1
2022-04-05,Tuesday,April,2022,Q2,0,0,3,12,53,147,200,26.5,1,2,1,12,9.1,0,0,7.0,8.3,31.57,33.92,-9
2022-04-06,Wednesday,April,2022,Q2,0,0,1,10,44,156,200,22.0,0,1,0,10,9.0,0,0,5.57,7.8,30.36,33.32,-9
2022-04-07,Thursday,April,2022,Q2,0,0,7,9,42,158,200,21.0,4,3,1,9,8.3,0,0,4.71,7.57,28.57,32.63,-2
2022-04-08,Friday,April,2022,Q2,0,0,6,7,41,159,200,20.5,3,3,3,10,8.7,0,0,4.43,7.63,26.5,32.07,-1
2022-04-09,Saturday,April,2022,Q2,1,0,4,6,39,161,200,19.5,2,2,0,10,8.8,0,0,4.29,7.43,24.43,31.45,-2
2022-04-10,Sunday,April,2022,Q2,1,0,4,7,36,164,200,18.0,1,3,1,9,8.4,0,0,4.71,7.37,22.64,30.85,-3
2022-04-11,Monday,April,2022,Q2,0,0,6,8,34,166,200,17.0,2,4,2,7,8.0,0,0,4.43,7.3,20.64,30.27,-2
2022-04-12,Tuesday,April,2022,Q2,0,0,10,4,40,160,200,20.0,1,9,5,8,8.3,0,0,5.43,7.4,19.71,29.83,6
2022-04-13,Wednesday,April,2022,Q2,0,0,6,8,38,162,200,19.0,1,5,1,9,8.3,0,0,6.14,7.13,19.29,29.25,-2
2022-04-14,Thursday,April,2022,Q2,0,0,6,3,41,159,200,20.5,3,3,0,10,8.4,0,0,6.0,6.93,19.21,28.68,3
2022-04-15,Friday,April,2022,Q2,0,0,2,2,41,159,200,20.5,1,1,1,11,8.5,0,0,5.43,6.67,19.21,28.13,0
2022-04-16,Saturday,April,2022,Q2,1,0,4,5,40,160,200,20.0,0,4,1,12,8.4,0,0,5.43,6.5,19.29,27.58,-1
2022-04-17,Sunday,April,2022,Q2,1,0,4,4,40,160,200,20.0,1,3,3,11,8.7,0,0,5.43,6.33,19.57,27.03,0
2022-04-18,Monday,April,2022,Q2,0,0,5,8,37,163,200,18.5,2,3,3,10,9.2,0,0,5.29,6.3,19.79,26.5,-3
2022-04-19,Tuesday,April,2022,Q2,0,0,8,3,42,158,200,21.0,4,4,4,9,9.2,0,0,5.0,6.47,19.93,26.12,5
2022-04-20,Wednesday,April,2022,Q2,0,0,7,8,41,159,200,20.5,1,6,2,9,9.2,0,0,5.14,6.33,20.14,25.67,-1
2022-04-21,Thursday,April,2022,Q2,0,0,4,6,39,161,200,19.5,1,3,1,11,9.5,0,0,4.86,6.13,20.0,25.2,-2
2022-04-22,Friday,April,2022,Q2,0,0,3,3,39,161,200,19.5,0,3,0,11,9.3,0,0,5.0,5.97,19.86,24.75,0
2022-04-23,Saturday,April,2022,Q2,1,0,0,4,35,165,200,17.5,0,0,0,9,9.3,0,0,4.43,5.7,19.5,24.23,-4
2022-04-24,Sunday,April,2022,Q2,1,0,6,3,38,162,200,19.0,1,5,3,10,9.1,0,0,4.71,5.77,19.36,23.78,3
2022-04-25,Monday,April,2022,Q2,0,0,6,6,38,162,200,19.0,1,5,1,10,9.3,0,0,4.86,5.73,19.43,23.42,0
2022-04-26,Tuesday,April,2022,Q2,0,0,4,4,38,162,200,19.0,1,3,4,11,9.1,0,0,4.29,5.53,19.14,23.08,0
2022-04-27,Wednesday,April,2022,Q2,0,0,9,5,42,158,200,21.0,3,6,8,13,9.5,0,0,4.57,5.6,19.21,22.77,4
2022-04-28,Thursday,April,2022,Q2,0,0,6,4,44,156,200,22.0,1,5,4,14,9.1,0,0,4.86,5.57,19.57,22.52,2
2022-04-29,Friday,April,2022,Q2,0,0,4,5,43,157,200,21.5,2,2,2,13,9.4,0,0,5.0,5.33,19.86,22.22,-1
2022-04-30,Saturday,April,2022,Q2,1,0,2,6,39,161,200,19.5,1,1,2,13,9.6,0,0,5.29,4.97,20.14,21.75,-4
2022-05-01,Sunday,May,2022,Q2,1,0,2,6,35,165,200,17.5,1,1,1,11,9.6,0,0,4.71,4.77,19.93,21.17,-4
2022-05-02,Monday,May,2022,Q2,0,0,6,7,34,166,200,17.0,2,4,2,12,9.6,0,0,4.71,4.8,19.64,20.6,-1
2022-05-03,Tuesday,May,2022,Q2,0,0,6,3,37,163,200,18.5,1,5,1,10,9.1,0,0,5.0,4.97,19.57,20.2,3
2022-05-04,Wednesday,May,2022,Q2,0,0,2,6,33,167,200,16.5,0,2,0,9,9.2,0,0,4.0,4.77,18.93,19.72,-4
2022-05-05,Thursday,May,2022,Q2,0,0,7,3,37,163,200,18.5,2,5,2,9,8.7,0,0,4.14,4.9,18.43,19.45,4
2022-05-06,Friday,May,2022,Q2,0,0,4,3,38,162,200,19.0,0,4,1,9,8.9,0,0,4.14,5.0,18.07,19.35,1
2022-05-07,Saturday,May,2022,Q2,1,0,3,4,37,163,200,18.5,0,3,0,10,8.9,0,0,4.29,4.87,17.93,19.27,-1
2022-05-08,Sunday,May,2022,Q2,1,0,5,5,37,163,200,18.5,2,3,3,10,8.9,0,0,4.71,4.83,18.07,19.2,0
2022-05-09,Monday,May,2022,Q2,0,0,3,7,33,167,200,16.5,0,3,2,9,8.8,0,0,4.29,4.8,18.0,19.1,-4
2022-05-10,Tuesday,May,2022,Q2,0,0,6,3,36,164,200,18.0,1,5,3,6,8.6,0,0,4.29,4.87,17.93,19.1,3
2022-05-11,Wednesday,May,2022,Q2,0,0,7,5,38,162,200,19.0,3,4,2,6,8.4,0,0,5.0,4.9,18.29,19.17,2
2022-05-12,Thursday,May,2022,Q2,0,0,5,6,37,163,200,18.5,3,2,2,7,8.1,0,0,4.71,4.73,18.29,19.12,-1
2022-05-13,Friday,May,2022,Q2,0,0,5,4,38,162,200,19.0,3,2,2,7,8.1,0,0,4.86,4.7,18.29,19.12,1
2022-05-14,Saturday,May,2022,Q2,1,0,0,8,30,170,200,15.0,0,0,0,5,8.3,0,0,4.43,4.5,17.79,18.93,-8
2022-05-15,Sunday,May,2022,Q2,1,0,1,4,27,173,200,13.5,0,1,1,5,8.7,0,0,3.86,4.47,17.07,18.7,-3
2022-05-16,Monday,May,2022,Q2,0,0,8,6,29,171,200,14.5,0,8,4,4,8.7,0,0,4.57,4.6,16.79,18.52,2
2022-05-17,Tuesday,May,2022,Q2,0,0,9,3,35,165,200,17.5,4,5,3,6,7.9,0,0,5.0,4.77,16.71,18.43,6
2022-05-18,Wednesday,May,2022,Q2,0,0,2,2,35,165,200,17.5,0,2,1,6,7.9,0,0,4.29,4.67,16.5,18.4,0
2022-05-19,Thursday,May,2022,Q2,0,0,8,6,37,163,200,18.5,4,4,2,6,8.0,0,0,4.71,4.67,16.5,18.32,2
2022-05-20,Friday,May,2022,Q2,0,0,5,2,40,160,200,20.0,3,2,2,7,7.8,0,0,4.71,4.6,16.64,18.3,3
2022-05-21,Saturday,May,2022,Q2,1,0,1,4,37,163,200,18.5,0,1,0,5,7.8,0,0,4.86,4.5,17.14,18.27,-3
2022-05-22,Sunday,May,2022,Q2,1,0,3,10,30,170,200,15.0,0,3,2,5,8.4,0,0,5.14,4.5,17.36,18.12,-7
2022-05-23,Monday,May,2022,Q2,0,0,5,7,28,172,200,14.0,1,4,2,5,8.6,0,0,4.71,4.67,17.29,18.0,-2
2022-05-24,Tuesday,May,2022,Q2,0,0,8,3,33,167,200,16.5,2,6,3,6,8.7,0,0,4.57,4.73,17.14,17.92,5
2022-05-25,Wednesday,May,2022,Q2,0,0,6,4,35,165,200,17.5,1,5,3,6,8.7,0,0,5.14,4.73,17.14,17.87,2
2022-05-26,Thursday,May,2022,Q2,0,0,7,2,40,160,200,20.0,3,4,5,9,8.8,0,0,5.0,4.83,17.36,17.9,5
2022-05-27,Friday,May,2022,Q2,0,0,4,4,40,160,200,20.0,1,3,2,10,8.8,0,0,4.86,4.67,17.36,17.87,0
2022-05-28,Saturday,May,2022,Q2,1,0,9,2,47,153,200,23.5,7,2,4,12,8.7,0,0,6.0,4.77,18.07,17.92,7
2022-05-29,Sunday,May,2022,Q2,1,0,2,5,44,156,200,22.0,1,1,1,11,8.8,0,0,5.86,4.7,19.07,17.93,-3
2022-05-30,Monday,May,2022,Q2,0,0,5,3,46,154,200,23.0,2,3,0,11,8.3,0,0,5.86,4.8,20.36,18.05,2
2022-05-31,Tuesday,May,2022,Q2,0,0,6,4,48,152,200,24.0,2,4,1,12,8.1,0,0,5.57,4.93,21.43,18.27,2
2022-06-01,Wednesday,June,2022,Q2,0,0,8,8,48,152,200,24.0,5,3,2,9,7.9,0,0,5.86,5.0,22.36,18.5,0
2022-06-02,Thursday,June,2022,Q2,0,0,9,6,51,149,200,25.5,0,9,4,11,7.7,0,0,6.14,5.1,23.14,18.73,3
2022-06-03,Friday,June,2022,Q2,0,0,3,8,46,154,200,23.0,0,3,1,10,8.0,0,0,6.0,5.13,23.57,18.95,-5
2022-06-04,Saturday,June,2022,Q2,1,0,6,7,45,155,200,22.5,2,4,0,9,8.0,0,0,5.57,5.1,23.43,19.08,-1
2022-06-05,Sunday,June,2022,Q2,1,0,2,12,35,165,200,17.5,0,2,0,7,8.2,0,0,5.57,5.03,22.79,19.03,-10
2022-06-06,Monday,June,2022,Q2,0,0,4,3,36,164,200,18.0,1,3,2,8,8.1,0,0,5.43,5.07,22.07,19.02,1
2022-06-07,Tuesday,June,2022,Q2,0,0,9,5,40,160,200,20.0,1,8,2,11,7.6,0,0,5.86,5.2,21.5,19.07,4
2022-06-08,Wednesday,June,2022,Q2,0,0,7,5,42,158,200,21.0,4,3,3,11,7.5,0,0,5.71,5.33,21.07,19.22,2
2022-06-09,Thursday,June,2022,Q2,0,0,7,6,43,157,200,21.5,0,7,3,9,7.6,0,0,5.43,5.37,20.5,19.33,1
2022-06-10,Friday,June,2022,Q2,0,0,4,9,38,162,200,19.0,2,2,2,8,7.6,0,0,5.57,5.27,19.93,19.33,-5
2022-06-11,Saturday,June,2022,Q2,1,0,0,5,33,167,200,16.5,0,0,0,8,7.8,0,0,4.71,5.1,19.07,19.27,-5
2022-06-12,Sunday,June,2022,Q2,1,0,8,6,35,165,200,17.5,1,7,3,9,8.1,0,0,5.57,5.2,19.07,19.22,2
2022-06-13,Monday,June,2022,Q2,0,0,9,4,40,160,200,20.0,2,7,3,13,8.1,0,0,6.29,5.5,19.36,19.38,5
2022-06-14,Tuesday,June,2022,Q2,0,0,6,6,40,160,200,20.0,1,5,2,12,7.8,0,0,5.86,5.67,19.36,19.6,0
2022-06-15,Wednesday,June,2022,Q2,0,0,1,6,35,165,200,17.5,1,0,1,10,7.9,0,0,5.0,5.43,18.86,19.7,-5
2022-06-16,Thursday,June,2022,Q2,0,0,5,4,36,164,200,18.0,1,4,2,10,8.1,0,0,4.71,5.3,18.36,19.72,1
2022-06-17,Friday,June,2022,Q2,0,0,7,6,37,163,200,18.5,4,3,3,10,8.3,0,0,5.14,5.47,18.29,19.75,1
2022-06-18,Saturday,June,2022,Q2,1,0,3,7,33,167,200,16.5,2,1,2,8,8.4,0,0,5.57,5.3,18.29,19.68,-4
2022-06-19,Sunday,June,2022,Q2,1,0,5,4,34,166,200,17.0,0,5,1,8,8.7,0,0,5.14,5.3,18.21,19.58,1
2022-06-20,Monday,June,2022,Q2,0,0,9,3,40,160,200,20.0,1,8,3,9,8.4,0,0,5.14,5.57,18.21,19.63,6
2022-06-21,Tuesday,June,2022,Q2,0,0,7,2,45,155,200,22.5,0,7,2,11,8.4,0,0,5.29,5.7,18.57,19.88,5
2022-06-22,Wednesday,June,2022,Q2,0,0,15,5,55,145,200,27.5,5,10,7,13,8.2,0,0,7.29,6.03,20.0,20.33,10
2022-06-23,Thursday,June,2022,Q2,0,0,8,4,59,141,200,29.5,3,5,2,11,7.8,0,0,7.71,6.03,21.64,20.77,4
2022-06-24,Friday,June,2022,Q2,0,0,4,8,55,145,200,27.5,3,1,1,11,7.9,0,0,7.29,5.97,22.93,21.1,-4
2022-06-25,Saturday,June,2022,Q2,1,0,4,6,53,147,200,26.5,0,4,1,11,7.9,0,0,7.43,5.87,24.36,21.32,-2
2022-06-26,Sunday,June,2022,Q2,1,0,6,10,49,151,200,24.5,0,6,1,10,7.9,0,0,7.57,5.93,25.43,21.47,-4
2022-06-27,Monday,June,2022,Q2,0,0,11,3,57,143,200,28.5,2,9,2,13,8.1,0,0,7.86,6.0,26.64,21.63,8
2022-06-28,Tuesday,June,2022,Q2,0,0,9,7,59,141,200,29.5,2,7,3,13,8.2,0,0,8.14,6.23,27.64,21.88,2
2022-06-29,Wednesday,June,2022,Q2,0,0,10,10,59,141,200,29.5,6,4,3,13,8.3,0,0,7.43,6.4,27.93,22.1,0
2022-06-30,Thursday,June,2022,Q2,0,0,4,11,52,148,200,26.0,2,2,0,11,8.2,0,0,6.86,6.33,27.43,22.17,-7
2022-07-01,Friday,July,2022,Q3,0,0,8,6,54,146,200,27.0,1,7,3,10,8.3,0,0,7.43,6.33,27.36,22.27,2
2022-07-02,Saturday,July,2022,Q3,1,0,3,7,50,150,200,25.0,2,1,2,9,8.7,0,0,7.29,6.13,27.14,22.25,-4
2022-07-03,Sunday,July,2022,Q3,1,0,3,9,44,156,200,22.0,1,2,2,6,8.9,0,0,6.86,6.13,26.79,22.22,-6
2022-07-04,Monday,July,2022,Q3,0,0,12,6,50,150,200,25.0,4,8,3,8,8.8,0,0,7.0,6.33,26.29,22.3,6
2022-07-05,Tuesday,July,2022,Q3,0,0,9,4,55,145,200,27.5,5,4,2,7,8.7,0,0,7.0,6.57,26.0,22.63,5
2022-07-06,Wednesday,July,2022,Q3,0,0,9,6,58,142,200,29.0,2,7,4,8,8.5,0,0,6.86,6.73,25.93,23.0,3
2022-07-07,Thursday,July,2022,Q3,0,0,12,4,66,134,200,33.0,6,6,8,10,8.5,0,0,8.0,6.83,26.93,23.43,8
2022-07-08,Friday,July,2022,Q3,0,0,4,5,65,135,200,32.5,2,2,0,10,8.5,0,0,7.43,6.73,27.71,23.82,-1
2022-07-09,Saturday,July,2022,Q3,1,0,7,14,58,142,200,29.0,1,6,3,6,8.8,0,0,8.0,6.73,28.29,24.07,-7
2022-07-10,Sunday,July,2022,Q3,1,0,4,5,57,143,200,28.5,2,2,3,7,8.5,0,0,8.14,6.73,29.21,24.38,-1
2022-07-11,Monday,July,2022,Q3,0,0,14,5,66,134,200,33.0,6,8,3,7,8.3,0,0,8.43,7.2,30.36,24.93,9
2022-07-12,Tuesday,July,2022,Q3,0,0,10,9,67,133,200,33.5,4,6,2,8,8.0,0,0,8.57,7.27,31.21,25.47,1
2022-07-13,Wednesday,July,2022,Q3,0,0,9,11,65,135,200,32.5,3,6,3,10,7.9,0,0,8.57,7.27,31.71,25.88,-2
2022-07-14,Thursday,July,2022,Q3,0,0,11,11,65,135,200,32.5,4,7,5,10,8.1,0,0,8.43,7.43,31.64,26.3,0
2022-07-15,Friday,July,2022,Q3,0,0,3,8,60,140,200,30.0,1,2,0,11,8.3,0,0,8.29,7.5,31.29,26.72,-5
2022-07-16,Saturday,July,2022,Q3,1,0,2,11,51,149,200,25.5,0,2,1,11,8.6,0,0,7.57,7.4,30.79,26.97,-9
2022-07-17,Sunday,July,2022,Q3,1,0,7,6,52,148,200,26.0,1,6,1,11,8.5,0,0,8.0,7.4,30.43,27.22,1
2022-07-18,Monday,July,2022,Q3,0,0,11,8,55,145,200,27.5,2,9,6,13,8.3,0,0,7.57,7.67,29.64,27.58,3
2022-07-19,Tuesday,July,2022,Q3,0,0,7,10,52,148,200,26.0,2,5,3,13,8.5,0,0,7.14,7.73,28.57,27.88,-3
2022-07-20,Wednesday,July,2022,Q3,0,0,9,7,54,146,200,27.0,5,4,5,14,8.6,0,0,7.14,7.73,27.79,28.12,2
2022-07-21,Thursday,July,2022,Q3,0,0,7,5,56,144,200,28.0,2,5,3,15,8.5,0,0,6.57,7.73,27.14,28.3,2
2022-07-22,Friday,July,2022,Q3,0,0,8,6,58,142,200,29.0,4,4,3,15,8.6,0,0,7.29,7.5,27.0,28.35,2
2022-07-23,Saturday,July,2022,Q3,1,0,4,11,51,149,200,25.5,2,2,1,11,8.9,0,0,7.57,7.37,27.0,28.22,-7
2022-07-24,Sunday,July,2022,Q3,1,0,4,5,50,150,200,25.0,1,3,1,10,8.7,0,0,7.14,7.37,26.86,28.13,-1
2022-07-25,Monday,July,2022,Q3,0,0,14,10,54,146,200,27.0,1,13,7,13,8.4,0,0,7.57,7.7,26.79,28.15,4
2022-07-26,Tuesday,July,2022,Q3,0,0,6,3,57,143,200,28.5,5,1,4,12,8.5,0,0,7.43,7.7,27.14,28.28,3
2022-07-27,Wednesday,July,2022,Q3,0,0,15,7,65,135,200,32.5,2,13,5,15,8.4,0,0,8.29,7.83,27.93,28.42,8
2022-07-28,Thursday,July,2022,Q3,0,0,9,8,66,134,200,33.0,3,6,0,15,8.3,0,0,8.57,7.83,28.64,28.53,1
2022-07-29,Friday,July,2022,Q3,0,0,8,5,69,131,200,34.5,4,4,4,16,8.3,0,0,8.57,7.77,29.43,28.7,3
2022-07-30,Saturday,July,2022,Q3,1,0,8,9,68,132,200,34.0,1,7,3,16,8.3,0,0,9.14,7.9,30.64,28.97,-1
2022-07-31,Sunday,July,2022,Q3,1,0,1,6,63,137,200,31.5,0,1,0,16,8.5,0,0,8.71,7.67,31.57,29.12,-5
2022-08-01,Monday,August,2022,Q3,0,0,13,14,62,138,200,31.0,5,8,7,16,8.8,0,0,8.57,8.0,32.14,29.32,-1
2022-08-02,Tuesday,August,2022,Q3,0,0,10,8,64,136,200,32.0,3,7,3,16,8.5,0,0,9.14,8.23,32.64,29.65,2
2022-08-03,Wednesday,August,2022,Q3,0,0,17,8,73,127,200,36.5,7,10,6,19,8.3,0,0,9.43,8.4,33.21,30.03,9
2022-08-04,Thursday,August,2022,Q3,0,0,11,6,78,122,200,39.0,5,6,3,23,8.1,0,0,9.71,8.47,34.07,30.42,5
2022-08-05,Friday,August,2022,Q3,0,0,6,10,74,126,200,37.0,2,4,4,23,8.2,0,0,9.43,8.37,34.43,30.68,-4
2022-08-06,Saturday,August,2022,Q3,1,0,4,13,65,135,200,32.5,0,4,2,20,8.4,0,0,8.86,8.1,34.21,30.67,-9
2022-08-07,Sunday,August,2022,Q3,1,0,7,9,63,137,200,31.5,0,7,2,21,8.6,0,0,9.71,8.2,34.21,30.63,-2
2022-08-08,Monday,August,2022,Q3,0,0,11,3,71,129,200,35.5,3,8,4,23,8.7,0,0,9.43,8.33,34.86,30.85,8
2022-08-09,Tuesday,August,2022,Q3,0,0,13,13,71,129,200,35.5,6,7,5,21,8.5,0,0,9.86,8.63,35.36,31.08,0
2022-08-10,Wednesday,August,2022,Q3,0,0,8,12,67,133,200,33.5,0,8,5,17,8.7,0,0,8.57,8.43,34.93,31.1,-4
2022-08-11,Thursday,August,2022,Q3,0,0,11,4,74,126,200,37.0,5,6,2,18,8.7,0,0,8.57,8.47,34.64,31.22,7
2022-08-12,Friday,August,2022,Q3,0,0,12,10,76,124,200,38.0,1,11,3,16,8.7,0,0,9.43,8.57,34.79,31.4,2
2022-08-13,Saturday,August,2022,Q3,1,0,3,10,69,131,200,34.5,0,3,1,14,9.0,0,0,9.29,8.3,35.07,31.47,-7
2022-08-14,Sunday,August,2022,Q3,1,0,7,9,67,133,200,33.5,2,5,6,11,8.7,0,0,9.29,8.43,35.36,31.58,-2
2022-08-15,Monday,August,2022,Q3,0,0,14,5,76,124,200,38.0,4,10,5,15,8.5,0,0,9.71,8.83,35.71,32.0,9
2022-08-16,Tuesday,August,2022,Q3,0,0,5,9,72,128,200,36.0,2,3,1,14,8.7,0,0,8.57,8.77,35.79,32.33,-4
2022-08-17,Wednesday,August,2022,Q3,0,0,6,10,68,132,200,34.0,2,4,2,13,8.7,0,0,8.29,8.6,35.86,32.55,-4
2022-08-18,Thursday,August,2022,Q3,0,0,13,9,72,128,200,36.0,2,11,6,17,8.6,0,0,8.57,8.8,35.71,32.88,4
2022-08-19,Friday,August,2022,Q3,0,0,7,14,65,135,200,32.5,2,5,4,16,8.8,0,0,7.86,8.73,34.93,33.07,-7
2022-08-20,Saturday,August,2022,Q3,1,0,4,11,58,142,200,29.0,0,4,2,16,8.8,0,0,8.0,8.63,34.14,33.1,-7
2022-08-21,Sunday,August,2022,Q3,1,0,9,4,63,137,200,31.5,0,9,5,17,8.7,0,0,8.29,8.67,33.86,33.18,5
2022-08-22,Monday,August,2022,Q3,0,0,12,6,69,131,200,34.5,3,9,3,19,8.4,0,0,8.0,8.93,33.36,33.48,6
2022-08-23,Tuesday,August,2022,Q3,0,0,12,10,71,129,200,35.5,2,10,5,15,8.1,0,0,9.0,9.2,33.29,33.83,2
2022-08-24,Wednesday,August,2022,Q3,0,0,4,10,65,135,200,32.5,0,4,0,13,7.9,0,0,8.71,8.87,33.07,34.02,-6
2022-08-25,Thursday,August,2022,Q3,0,0,7,11,61,139,200,30.5,2,5,3,11,8.1,0,0,7.86,8.9,32.29,34.08,-4
2022-08-26,Friday,August,2022,Q3,0,0,6,10,57,143,200,28.5,2,4,3,10,8.4,0,0,7.71,8.6,31.71,33.95,-4
2022-08-27,Saturday,August,2022,Q3,1,0,5,10,52,148,200,26.0,1,4,3,9,8.8,0,0,7.86,8.47,31.29,33.72,-5
2022-08-28,Sunday,August,2022,Q3,1,0,10,6,56,144,200,28.0,1,9,6,9,8.8,0,0,8.0,8.53,30.79,33.5,4
2022-08-29,Monday,August,2022,Q3,0,0,10,7,59,141,200,29.5,1,9,3,10,8.2,0,0,7.71,8.6,30.07,33.35,3
2022-08-30,Tuesday,August,2022,Q3,0,0,6,10,55,145,200,27.5,2,4,3,7,8.2,0,0,6.86,8.77,28.93,33.22,-4
2022-08-31,Wednesday,August,2022,Q3,0,0,11,10,56,144,200,28.0,5,6,4,10,8.2,0,0,7.86,8.7,28.29,33.12,1
2022-09-01,Thursday,September,2022,Q3,0,0,5,7,54,146,200,27.0,1,4,0,9,8.0,0,0,7.57,8.53,27.79,32.95,-2
2022-09-02,Friday,September,2022,Q3,0,0,4,8,50,150,200,25.0,1,3,2,8,7.9,0,0,7.29,8.1,27.29,32.57,-4
2022-09-03,Saturday,September,2022,Q3,1,0,11,3,58,142,200,29.0,7,4,4,11,7.9,0,0,8.14,8.1,27.71,32.23,8
2022-09-04,Sunday,September,2022,Q3,1,0,7,9,56,144,200,28.0,1,6,2,11,7.9,0,0,7.71,8.13,27.71,31.93,-2
2022-09-05,Monday,September,2022,Q3,0,0,13,17,52,148,200,26.0,3,10,8,10,8.5,0,0,8.14,8.43,27.21,31.72,-4
2022-09-06,Tuesday,September,2022,Q3,0,0,13,5,60,140,200,30.0,1,12,7,10,8.1,0,0,9.14,8.63,27.57,31.67,8
2022-09-07,Wednesday,September,2022,Q3,0,0,10,6,64,136,200,32.0,5,5,2,9,8.2,0,0,9.0,8.6,28.14,31.55,4
2022-09-08,Thursday,September,2022,Q3,0,0,6,4,66,134,200,33.0,2,4,4,8,8.2,0,0,9.14,8.37,29.0,31.47,2
2022-09-09,Friday,September,2022,Q3,0,0,4,6,64,136,200,32.0,1,3,2,8,8.3,0,0,9.14,8.23,30.0,31.42,-2
2022-09-10,Saturday,September,2022,Q3,1,0,1,7,58,142,200,29.0,0,1,0,8,8.5,0,0,7.71,7.9,30.0,31.15,-6
2022-09-11,Sunday,September,2022,Q3,1,0,4,14,48,152,200,24.0,1,3,3,6,8.8,0,0,7.29,7.63,29.43,30.68,-10
2022-09-12,Monday,September,2022,Q3,0,0,12,10,50,150,200,25.0,3,9,1,8,8.4,0,0,7.14,7.93,29.29,30.37,2
2022-09-13,Tuesday,September,2022,Q3,0,0,5,9,46,154,200,23.0,0,5,2,10,8.6,0,0,6.0,7.87,28.29,30.02,-4
2022-09-14,Wednesday,September,2022,Q3,0,0,8,6,48,152,200,24.0,3,5,3,11,8.3,0,0,5.71,7.67,27.14,29.55,2
2022-09-15,Thursday,September,2022,Q3,0,0,8,6,50,150,200,25.0,2,6,3,13,8.1,0,0,6.0,7.77,26.0,29.18,2
2022-09-16,Friday,September,2022,Q3,0,0,6,8,48,152,200,24.0,1,5,1,15,8.2,0,0,6.29,7.77,24.86,28.85,-2
2022-09-17,Saturday,September,2022,Q3,1,0,5,2,51,149,200,25.5,2,3,1,15,8.3,0,0,6.86,7.5,24.36,28.5,3
2022-09-18,Sunday,September,2022,Q3,1,0,5,13,43,157,200,21.5,1,4,1,13,8.5,0,0,7.0,7.43,24.0,28.13,-8
2022-09-19,Monday,September,2022,Q3,0,0,10,10,43,157,200,21.5,1,9,2,10,8.5,0,0,6.71,7.63,23.5,27.88,0
2022-09-20,Tuesday,September,2022,Q3,0,0,9,2,50,150,200,25.0,4,5,1,13,8.3,0,0,7.29,7.63,23.79,27.67,7
2022-09-21,Wednesday,September,2022,Q3,0,0,8,2,56,144,200,28.0,5,3,1,14,8.2,0,0,7.29,7.5,24.36,27.45,6
2022-09-22,Thursday,September,2022,Q3,0,0,10,9,57,143,200,28.5,2,8,5,13,8.0,0,0,7.57,7.43,24.86,27.22,1
2022-09-23,Friday,September,2022,Q3,0,0,3,10,50,150,200,25.0,0,3,1,13,8.5,0,0,7.14,7.4,25.0,26.97,-7
2022-09-24,Saturday,September,2022,Q3,1,0,4,8,46,154,200,23.0,1,3,3,11,8.4,0,0,7.0,7.3,24.64,26.72,-4
2022-09-25,Sunday,September,2022,Q3,1,0,5,4,47,153,200,23.5,1,4,1,9,8.2,0,0,7.0,7.27,24.93,26.55,1
2022-09-26,Monday,September,2022,Q3,0,0,3,7,43,157,200,21.5,1,2,1,10,8.4,0,0,6.0,7.2,24.93,26.4,-4
2022-09-27,Tuesday,September,2022,Q3,0,0,6,4,45,155,200,22.5,3,3,3,10,8.4,0,0,5.57,7.07,24.57,26.22,2
2022-09-28,Wednesday,September,2022,Q3,0,0,2,7,40,160,200,20.0,0,2,0,10,8.4,0,0,4.71,6.8,23.43,25.9,-5
2022-09-29,Thursday,September,2022,Q3,0,0,7,9,38,162,200,19.0,0,7,3,10,8.4,0,0,4.29,6.83,22.07,25.62,-2
2022-09-30,Friday,September,2022,Q3,0,0,7,9,36,164,200,18.0,1,6,2,9,8.3,0,0,4.86,6.7,21.07,25.28,-2
2022-10-01,Saturday,October,2022,Q4,1,0,3,4,35,165,200,17.5,0,3,1,9,8.3,0,0,4.71,6.63,20.29,24.97,-1
2022-10-02,Sunday,October,2022,Q4,1,0,4,5,34,166,200,17.0,0,4,1,10,8.1,0,0,4.57,6.63,19.36,24.7,-1
2022-10-03,Monday,October,2022,Q4,0,0,8,4,38,162,200,19.0,3,5,2,11,7.9,0,0,5.29,6.53,19.0,24.37,4
2022-10-04,Tuesday,October,2022,Q4,0,0,10,3,45,155,200,22.5,2,8,6,14,8.0,0,0,5.86,6.63,19.0,24.18,7
2022-10-05,Wednesday,October,2022,Q4,0,0,2,6,41,159,200,20.5,1,1,0,14,8.4,0,0,5.86,6.27,19.07,24.0,-4
2022-10-06,Thursday,October,2022,Q4,0,0,7,10,38,162,200,19.0,2,5,4,11,8.6,0,0,5.86,6.07,19.07,23.63,-3
2022-10-07,Friday,October,2022,Q4,0,0,2,4,36,164,200,18.0,2,0,1,9,8.5,0,0,5.14,5.8,19.07,23.17,-2
2022-10-08,Saturday,October,2022,Q4,1,0,2,6,32,168,200,16.0,1,1,1,8,8.8,0,0,5.0,5.67,18.86,22.6,-4
2022-10-09,Sunday,October,2022,Q4,1,0,3,1,34,166,200,17.0,1,2,3,7,9.0,0,0,4.86,5.63,18.86,22.1,2
2022-10-10,Monday,October,2022,Q4,0,0,9,4,39,161,200,19.5,1,8,6,7,8.9,0,0,5.0,5.9,18.93,21.78,5
2022-10-11,Tuesday,October,2022,Q4,0,0,5,6,38,162,200,19.0,1,4,1,6,8.8,0,0,4.29,5.93,18.43,21.62,-1
2022-10-12,Wednesday,October,2022,Q4,0,0,4,3,39,161,200,19.5,1,3,1,6,8.7,0,0,4.57,5.67,18.29,21.43,1
2022-10-13,Thursday,October,2022,Q4,0,0,5,5,39,161,200,19.5,3,2,3,6,8.7,0,0,4.29,5.67,18.36,21.32,0
2022-10-14,Friday,October,2022,Q4,0,0,1,3,37,163,200,18.5,0,1,0,6,8.7,0,0,4.14,5.43,18.43,21.13,-2
2022-10-15,Saturday,October,2022,Q4,1,0,0,6,31,169,200,15.5,0,0,0,4,8.8,0,0,3.86,5.17,18.36,20.82,-6
2022-10-16,Sunday,October,2022,Q4,1,0,3,3,31,169,200,15.5,0,3,0,4,8.9,0,0,3.86,5.07,18.14,20.53,0
2022-10-17,Monday,October,2022,Q4,0,0,10,9,32,168,200,16.0,2,8,3,4,8.8,0,0,4.0,5.23,17.64,20.22,1
2022-10-18,Tuesday,October,2022,Q4,0,0,7,4,35,165,200,17.5,4,3,5,4,8.8,0,0,4.29,5.3,17.43,20.08,3
2022-10-19,Wednesday,October,2022,Q4,0,0,5,4,36,164,200,18.0,1,4,1,4,8.4,0,0,4.43,5.13,17.21,19.97,1
2022-10-20,Thursday,October,2022,Q4,0,0,2,5,33,167,200,16.5,1,1,1,4,8.3,0,0,4.0,4.9,16.79,19.68,-3
2022-10-21,Friday,October,2022,Q4,0,0,4,4,33,167,200,16.5,1,3,1,6,8.2,0,0,4.43,4.77,16.5,19.3,0
2022-10-22,Saturday,October,2022,Q4,1,0,1,1,33,167,200,16.5,0,1,0,6,8.2,0,0,4.57,4.47,16.64,18.9,0
2022-10-23,Sunday,October,2022,Q4,1,0,2,6,29,171,200,14.5,1,1,0,6,8.8,0,0,4.43,4.43,16.5,18.55,-4
2022-10-24,Monday,October,2022,Q4,0,0,6,3,32,168,200,16.0,2,4,2,7,8.0,0,0,3.86,4.5,16.5,18.32,3
2022-10-25,Tuesday,October,2022,Q4,0,0,3,4,31,169,200,15.5,2,1,0,9,7.5,0,0,3.29,4.43,16.21,18.05,-1
2022-10-26,Wednesday,October,2022,Q4,0,0,3,8,26,174,200,13.0,2,1,3,8,7.8,0,0,3.0,4.43,15.5,17.77,-5
2022-10-27,Thursday,October,2022,Q4,0,0,4,8,22,178,200,11.0,2,2,1,5,7.2,0,0,3.29,4.37,14.71,17.38,-4
2022-10-28,Friday,October,2022,Q4,0,0,4,5,21,179,200,10.5,1,3,2,4,7.7,0,0,3.29,4.43,13.86,17.07,-1
2022-10-29,Saturday,October,2022,Q4,1,0,2,3,20,180,200,10.0,0,2,0,3,8.1,0,0,3.43,4.27,12.93,16.77,-1
2022-10-30,Sunday,October,2022,Q4,1,0,2,5,17,183,200,8.5,0,2,0,2,7.9,0,0,3.43,4.1,12.07,16.45,-3
2022-10-31,Monday,October,2022,Q4,0,0,6,1,22,178,200,11.0,3,3,3,1,7.9,0,0,3.43,4.2,11.36,16.23,5
2022-11-01,Tuesday,November,2022,Q4,0,0,5,0,27,173,200,13.5,2,3,2,1,7.9,0,0,3.71,4.23,11.07,16.12,5
2022-11-02,Wednesday,November,2022,Q4,0,0,5,4,28,172,200,14.0,2,3,2,4,8.1,0,0,4.0,4.13,11.21,15.95,1
2022-11-03,Thursday,November,2022,Q4,0,0,3,3,28,172,200,14.0,2,1,2,4,8.1,0,0,3.86,3.9,11.64,15.67,0
2022-11-04,Friday,November,2022,Q4,0,0,5,5,28,172,200,14.0,2,3,2,4,8.4,0,0,4.0,4.0,12.14,15.45,0
2022-11-05,Saturday,November,2022,Q4,1,0,1,1,28,172,200,14.0,0,1,1,4,8.4,0,0,3.86,3.8,12.71,15.28,0
2022-11-06,Sunday,November,2022,Q4,1,0,3,3,28,172,200,14.0,2,1,1,4,8.5,0,0,4.0,3.83,13.5,15.15,0
2022-11-07,Monday,November,2022,Q4,0,0,1,4,25,175,200,12.5,0,1,0,5,8.7,0,0,3.29,3.8,13.71,15.03,-3
2022-11-08,Tuesday,November,2022,Q4,0,0,3,4,24,176,200,12.0,1,2,1,5,8.7,0,0,3.0,3.8,13.5,14.87,-1
2022-11-09,Wednesday,November,2022,Q4,0,0,7,3,28,172,200,14.0,2,5,2,4,8.1,0,0,3.29,3.73,13.5,14.68,4
2022-11-10,Thursday,November,2022,Q4,0,0,4,6,26,174,200,13.0,1,3,0,3,8.5,0,0,3.43,3.7,13.36,14.48,-2
2022-11-11,Friday,November,2022,Q4,0,0,5,3,28,172,200,14.0,2,3,2,3,9.1,0,0,3.43,3.73,13.36,14.3,2
2022-11-12,Saturday,November,2022,Q4,1,0,1,4,25,175,200,12.5,1,0,1,3,9.2,0,0,3.43,3.6,13.14,14.07,-3
2022-11-13,Sunday,November,2022,Q4,1,0,2,5,22,178,200,11.0,0,2,1,2,9.8,0,0,3.29,3.63,12.71,13.82,-3
2022-11-14,Monday,November,2022,Q4,0,0,3,4,21,179,200,10.5,0,3,1,3,10.0,0,0,3.57,3.73,12.43,13.65,-1
2022-11-15,Tuesday,November,2022,Q4,0,0,4,0,25,175,200,12.5,1,3,0,3,9.5,0,0,3.71,3.77,12.5,13.55,4
2022-11-16,Wednesday,November,2022,Q4,0,0,4,1,28,172,200,14.0,0,4,2,4,9.3,0,0,3.29,3.57,12.5,13.48,3
2022-11-17,Thursday,November,2022,Q4,0,0,4,2,30,170,200,15.0,2,2,2,4,9.1,0,0,3.29,3.47,12.79,13.4,2
2022-11-18,Friday,November,2022,Q4,0,0,1,3,28,172,200,14.0,0,1,0,3,9.0,0,0,2.71,3.33,12.79,13.27,-2
2022-11-19,Saturday,November,2022,Q4,1,0,1,5,24,176,200,12.0,0,1,1,3,9.5,0,0,2.71,3.3,12.71,13.12,-4
2022-11-20,Sunday,November,2022,Q4,1,0,2,2,24,176,200,12.0,0,2,2,4,9.6,0,0,2.71,3.23,12.86,12.97,0
2022-11-21,Monday,November,2022,Q4,0,0,3,5,22,178,200,11.0,1,2,1,4,9.6,0,0,2.71,3.3,12.93,12.78,-2
2022-11-22,Tuesday,November,2022,Q4,0,0,4,2,24,176,200,12.0,2,2,0,5,8.6,0,0,2.71,3.37,12.86,12.7,2
2022-11-23,Wednesday,November,2022,Q4,0,0,4,4,24,176,200,12.0,1,3,2,6,9.0,0,0,2.71,3.3,12.57,12.57,0
2022-11-24,Thursday,November,2022,Q4,0,0,2,4,22,178,200,11.0,1,1,0,5,8.7,0,0,2.43,3.27,12.0,12.42,-2
2022-11-25,Friday,November,2022,Q4,0,0,2,3,21,179,200,10.5,0,2,2,5,9.0,0,0,2.57,3.23,11.5,12.33,-1
2022-11-26,Saturday,November,2022,Q4,1,0,0,0,21,179,200,10.5,0,0,0,5,9.0,0,0,2.43,3.1,11.29,12.32,0
2022-11-27,Sunday,November,2022,Q4,1,0,3,7,17,183,200,8.5,3,0,1,6,9.6,0,0,2.57,3.07,10.79,12.25,-4
2022-11-28,Monday,November,2022,Q4,0,0,6,3,20,180,200,10.0,3,3,3,6,8.7,0,0,3.0,3.2,10.64,12.25,3
2022-11-29,Tuesday,November,2022,Q4,0,0,1,0,21,179,200,10.5,1,0,1,6,8.7,0,0,2.57,3.17,10.43,12.32,1
2022-11-30,Wednesday,November,2022,Q4,0,0,5,2,24,176,200,12.0,1,4,1,8,8.3,0,0,2.71,3.13,10.43,12.35,3
2022-12-01,Thursday,December,2022,Q4,0,0,6,4,26,174,200,13.0,1,5,1,8,7.7,0,0,3.29,3.17,10.71,12.33,2
2022-12-02,Friday,December,2022,Q4,0,0,1,1,26,174,200,13.0,0,1,1,8,7.9,0,0,3.14,3.03,11.07,12.3,0
2022-12-03,Saturday,December,2022,Q4,1,0,2,5,23,177,200,11.5,0,2,2,6,8.5,0,0,3.43,3.0,11.21,12.22,-3
2022-12-04,Sunday,December,2022,Q4,1,0,2,2,23,177,200,11.5,0,2,1,5,8.6,0,0,3.29,2.9,11.64,12.13,0
2022-12-05,Monday,December,2022,Q4,0,0,1,4,20,180,200,10.0,0,1,0,5,8.6,0,0,2.57,2.9,11.64,12.0,-3
2022-12-06,Tuesday,December,2022,Q4,0,0,3,4,19,181,200,9.5,0,3,1,5,8.9,0,0,2.86,2.9,11.5,11.85,-1
2022-12-07,Wednesday,December,2022,Q4,0,0,7,3,23,177,200,11.5,1,6,3,6,8.4,0,0,3.14,3.1,11.43,11.82,4
2022-12-08,Thursday,December,2022,Q4,0,0,3,3,23,177,200,11.5,0,3,1,5,8.7,0,0,2.71,3.1,11.21,11.8,0
2022-12-09,Friday,December,2022,Q4,0,0,3,4,22,178,200,11.0,2,1,3,3,9.1,0,0,3.0,2.97,10.93,11.7,-1
2022-12-10,Saturday,December,2022,Q4,1,0,3,2,23,177,200,11.5,0,3,2,5,8.8,0,0,3.14,2.93,10.93,11.65,1
2022-12-11,Sunday,December,2022,Q4,1,0,3,1,25,175,200,12.5,1,2,2,6,8.9,0,0,3.29,2.87,11.07,11.6,2
2022-12-12,Monday,December,2022,Q4,0,0,4,4,25,175,200,12.5,2,2,3,6,9.3,0,0,3.71,2.97,11.43,11.6,0
2022-12-13,Tuesday,December,2022,Q4,0,0,3,2,26,174,200,13.0,1,2,2,6,9.4,0,0,3.71,3.0,11.93,11.67,1
2022-12-14,Wednesday,December,2022,Q4,0,0,7,2,31,169,200,15.5,3,4,1,7,9.2,0,0,3.71,3.13,12.5,11.83,5
2022-12-15,Thursday,December,2022,Q4,0,0,3,3,31,169,200,15.5,0,3,2,8,9.3,0,0,3.71,3.1,13.07,11.93,0
2022-12-16,Friday,December,2022,Q4,0,0,3,3,31,169,200,15.5,0,3,3,8,9.4,0,0,3.71,3.07,13.71,11.98,0
2022-12-17,Saturday,December,2022,Q4,1,0,0,4,27,173,200,13.5,0,0,0,8,9.6,0,0,3.29,2.93,14.0,11.93,-4
2022-12-18,Sunday,December,2022,Q4,1,0,4,4,27,173,200,13.5,2,2,3,7,9.8,0,0,3.43,3.03,14.14,11.92,0
2022-12-19,Monday,December,2022,Q4,0,0,2,2,27,173,200,13.5,1,1,1,7,9.9,0,0,3.14,3.07,14.29,11.97,0
2022-12-20,Tuesday,December,2022,Q4,0,0,6,4,29,171,200,14.5,2,4,1,6,9.2,0,0,3.57,3.2,14.5,12.05,2
2022-12-21,Wednesday,December,2022,Q4,0,0,3,4,28,172,200,14.0,0,3,1,7,9.3,0,0,3.0,3.2,14.29,12.15,-1
2022-12-22,Thursday,December,2022,Q4,0,0,4,1,31,169,200,15.5,2,2,3,7,9.1,0,0,3.14,3.2,14.29,12.27,3
2022-12-23,Friday,December,2022,Q4,0,0,4,4,31,169,200,15.5,1,3,2,8,9.0,0,0,3.29,3.2,14.29,12.38,0
2022-12-24,Saturday,December,2022,Q4,1,1,2,3,30,170,200,15.0,1,1,2,6,8.9,0,0,3.57,3.2,14.5,12.52,-1
2022-12-25,Sunday,December,2022,Q4,1,1,2,5,27,173,200,13.5,1,1,1,7,8.7,0,0,3.29,3.2,14.5,12.62,-3
2022-12-26,Monday,December,2022,Q4,0,1,1,3,25,175,200,12.5,1,0,1,7,8.5,0,0,3.14,3.23,14.36,12.68,-2
2022-12-27,Tuesday,December,2022,Q4,0,1,3,4,24,176,200,12.0,1,2,1,7,9.0,0,0,2.71,3.23,14.0,12.8,-1
2022-12-28,Wednesday,December,2022,Q4,0,1,5,6,23,177,200,11.5,4,1,2,4,8.7,0,0,3.0,3.2,13.64,12.85,-1
2022-12-29,Thursday,December,2022,Q4,0,1,8,2,29,171,200,14.5,1,7,4,5,8.0,0,0,3.57,3.43,13.5,12.98,6
2022-12-30,Friday,December,2022,Q4,0,1,2,4,27,173,200,13.5,0,2,2,4,7.6,0,0,3.29,3.33,13.21,13.03,-2
2022-12-31,Saturday,December,2022,Q4,1,1,3,4,26,174,200,13.0,1,2,1,5,7.8,0,0,3.43,3.23,12.93,13.03,-1
2023-01-01,Sunday,January,2023,Q1,1,1,0,2,24,176,200,12.0,0,0,0,5,7.9,0,0,3.14,3.2,12.71,13.0,-2
2023-01-02,Monday,January,2023,Q1,0,1,7,3,28,172,200,14.0,0,7,3,6,8.0,0,0,4.0,3.37,12.93,13.08,4
2023-01-03,Tuesday,January,2023,Q1,0,0,9,3,34,166,200,17.0,4,5,2,7,7.9,0,0,4.86,3.6,13.64,13.27,6
2023-01-04,Wednesday,January,2023,Q1,0,0,8,6,36,164,200,18.0,0,8,5,8,8.1,0,0,5.29,3.83,14.57,13.53,2
2023-01-05,Thursday,January,2023,Q1,0,0,8,7,37,163,200,18.5,1,7,2,8,8.3,0,0,5.29,4.0,15.14,13.83,1
2023-01-06,Friday,January,2023,Q1,0,0,6,2,41,159,200,20.5,3,3,2,9,8.5,0,0,5.86,3.97,16.14,14.13,4
2023-01-07,Saturday,January,2023,Q1,1,0,6,3,44,156,200,22.0,3,3,2,10,8.5,0,0,6.29,4.07,17.43,14.48,3
2023-01-08,Sunday,January,2023,Q1,1,0,6,0,50,150,200,25.0,2,4,4,10,8.3,0,0,7.14,4.17,19.29,14.95,6
2023-01-09,Monday,January,2023,Q1,0,0,21,5,66,134,200,33.0,7,14,7,13,7.8,0,0,9.14,4.77,22.0,15.67,16
2023-01-10,Tuesday,January,2023,Q1,0,0,10,6,70,130,200,35.0,3,7,5,14,8.0,0,0,9.29,5.0,24.57,16.42,4
2023-01-11,Wednesday,January,2023,Q1,0,0,20,8,82,118,200,41.0,6,14,11,16,8.0,0,0,11.0,5.53,27.86,17.37,12
2023-01-12,Thursday,January,2023,Q1,0,0,15,12,85,115,200,42.5,2,13,6,17,8.2,0,0,12.0,5.93,31.29,18.35,3
2023-01-13,Friday,January,2023,Q1,0,0,8,7,86,114,200,43.0,2,6,4,17,8.3,0,0,12.29,5.97,34.5,19.27,1
2023-01-14,Saturday,January,2023,Q1,1,0,8,6,88,112,200,44.0,1,7,3,18,8.4,0,0,12.57,6.13,37.64,20.22,2
2023-01-15,Sunday,January,2023,Q1,1,0,12,10,90,110,200,45.0,6,6,5,19,8.4,0,0,13.43,6.43,40.5,21.2,2
2023-01-16,Monday,January,2023,Q1,0,0,13,12,91,109,200,45.5,3,10,6,21,8.7,0,0,12.29,6.87,42.29,22.27,1
2023-01-17,Tuesday,January,2023,Q1,0,0,11,12,90,110,200,45.0,3,8,3,20,8.5,0,0,12.43,7.1,43.71,23.32,-1
2023-01-18,Wednesday,January,2023,Q1,0,0,9,9,90,110,200,45.0,4,5,2,20,8.7,0,0,10.86,7.33,44.29,24.37,0
2023-01-19,Thursday,January,2023,Q1,0,0,6,17,79,121,200,39.5,2,4,2,18,8.8,0,0,9.57,7.33,43.86,25.2,-11
2023-01-20,Friday,January,2023,Q1,0,0,10,12,77,123,200,38.5,4,6,4,18,9.0,0,0,9.86,7.57,43.21,26.02,-2
2023-01-21,Saturday,January,2023,Q1,1,0,5,8,74,126,200,37.0,0,5,3,15,8.8,0,0,9.43,7.6,42.21,26.73,-3
2023-01-22,Sunday,January,2023,Q1,1,0,11,8,77,123,200,38.5,2,9,3,15,8.7,0,0,9.29,7.83,41.29,27.5,3
2023-01-23,Monday,January,2023,Q1,0,0,17,14,80,120,200,40.0,5,12,5,15,8.8,0,0,9.86,8.33,40.5,28.33,3
2023-01-24,Tuesday,January,2023,Q1,0,0,14,10,84,116,200,42.0,4,10,5,15,8.7,0,0,10.29,8.73,40.07,29.28,4
2023-01-25,Wednesday,January,2023,Q1,0,0,18,8,94,106,200,47.0,6,12,5,21,8.7,0,0,11.57,9.3,40.36,30.43,10
2023-01-26,Thursday,January,2023,Q1,0,0,12,11,95,105,200,47.5,2,10,4,24,8.6,0,0,12.43,9.6,41.5,31.62,1
2023-01-27,Friday,January,2023,Q1,0,0,12,6,101,99,200,50.5,3,9,1,22,8.4,0,0,12.71,9.83,43.21,32.92,6
2023-01-28,Saturday,January,2023,Q1,1,0,5,12,94,106,200,47.0,3,2,3,19,8.5,0,0,12.71,9.73,44.64,34.0,-7
2023-01-29,Sunday,January,2023,Q1,1,0,5,17,82,118,200,41.0,3,2,2,18,8.7,0,0,11.86,9.83,45.0,34.92,-12
2023-01-30,Monday,January,2023,Q1,0,0,17,9,90,110,200,45.0,7,10,8,20,8.8,0,0,11.86,10.3,45.71,35.98,8
2023-01-31,Tuesday,January,2023,Q1,0,0,13,16,87,113,200,43.5,2,11,5,21,8.6,0,0,11.71,10.73,45.93,37.03,-3
2023-02-01,Wednesday,February,2023,Q1,0,0,14,8,93,107,200,46.5,6,8,5,20,8.5,0,0,11.14,10.97,45.86,38.12,6
2023-02-02,Thursday,February,2023,Q1,0,0,12,14,91,109,200,45.5,4,8,5,20,8.3,0,0,11.14,11.07,45.57,39.07,-2
2023-02-03,Friday,February,2023,Q1,0,0,5,9,87,113,200,43.5,0,5,3,19,8.3,0,0,10.14,10.97,44.57,39.92,-4
2023-02-04,Saturday,February,2023,Q1,1,0,6,17,76,124,200,38.0,1,5,3,17,8.6,0,0,10.29,10.9,43.29,40.57,-11
2023-02-05,Sunday,February,2023,Q1,1,0,7,9,74,126,200,37.0,3,4,2,15,8.7,0,0,10.57,10.93,42.71,41.12,-2
2023-02-06,Monday,February,2023,Q1,0,0,15,14,75,125,200,37.5,5,10,7,16,8.7,0,0,10.29,11.23,41.64,41.63,1
2023-02-07,Tuesday,February,2023,Q1,0,0,21,10,86,114,200,43.0,6,15,8,18,8.7,0,0,11.43,11.73,41.57,42.23,11
2023-02-08,Wednesday,February,2023,Q1,0,0,14,9,91,109,200,45.5,4,10,3,19,8.5,0,0,11.43,11.5,41.43,42.65,5
2023-02-09,Thursday,February,2023,Q1,0,0,16,17,90,110,200,45.0,4,12,5,20,8.4,0,0,12.0,11.7,41.36,42.98,-1
2023-02-10,Friday,February,2023,Q1,0,0,14,6,98,102,200,49.0,2,12,6,22,8.1,0,0,13.29,11.5,42.14,43.25,8
2023-02-11,Saturday,February,2023,Q1,1,0,6,11,93,107,200,46.5,0,6,3,20,8.4,0,0,13.29,11.2,43.36,43.38,-5
2023-02-12,Sunday,February,2023,Q1,1,0,10,8,95,105,200,47.5,3,7,7,19,8.3,0,0,13.71,11.27,44.86,43.53,2
2023-02-13,Monday,February,2023,Q1,0,0,17,13,99,101,200,49.5,2,15,8,22,8.6,0,0,14.0,11.57,46.57,43.72,4
2023-02-14,Tuesday,February,2023,Q1,0,0,17,12,104,96,200,52.0,4,13,8,24,8.5,0,0,13.43,11.73,47.86,43.95,5
2023-02-15,Wednesday,February,2023,Q1,0,0,23,15,112,88,200,56.0,1,22,7,26,8.3,0,0,14.71,12.07,49.36,44.3,8
2023-02-16,Thursday,February,2023,Q1,0,0,16,17,111,89,200,55.5,6,10,7,25,8.3,0,0,14.71,12.23,50.86,44.65,-1
2023-02-17,Friday,February,2023,Q1,0,0,13,12,112,88,200,56.0,2,11,3,26,8.3,0,0,14.57,12.37,51.86,45.02,1
2023-02-18,Saturday,February,2023,Q1,1,0,7,14,105,95,200,52.5,3,4,2,25,8.4,0,0,14.71,12.4,52.71,45.45,-7
2023-02-19,Sunday,February,2023,Q1,1,0,6,7,104,96,200,52.0,4,2,5,25,8.4,0,0,14.14,12.27,53.36,45.9,-1
2023-02-20,Monday,February,2023,Q1,0,0,13,13,104,96,200,52.0,6,7,4,25,8.5,0,0,13.57,12.53,53.71,46.4,0
2023-02-21,Tuesday,February,2023,Q1,0,0,18,15,107,93,200,53.5,4,14,8,28,8.6,0,0,13.71,12.77,53.93,46.9,3
2023-02-22,Wednesday,February,2023,Q1,0,0,13,17,103,97,200,51.5,3,10,6,25,8.6,0,0,12.29,12.63,53.29,47.28,-4
2023-02-23,Thursday,February,2023,Q1,0,0,16,23,96,104,200,48.0,1,15,8,19,8.5,0,0,12.29,12.7,52.21,47.48,-7
2023-02-24,Friday,February,2023,Q1,0,0,7,16,87,113,200,43.5,0,7,3,15,8.5,0,0,11.43,12.33,50.43,47.37,-9
2023-02-25,Saturday,February,2023,Q1,1,0,5,9,83,117,200,41.5,2,3,1,15,8.6,0,0,11.14,12.1,48.86,47.17,-4
2023-02-26,Sunday,February,2023,Q1,1,0,7,10,80,120,200,40.0,2,5,0,13,8.5,0,0,11.29,11.93,47.14,46.82,-3
2023-02-27,Monday,February,2023,Q1,0,0,20,12,88,112,200,44.0,7,13,5,12,8.1,0,0,12.29,12.43,46.0,46.72,8
2023-02-28,Tuesday,February,2023,Q1,0,0,9,9,88,112,200,44.0,4,5,3,13,8.2,0,0,11.0,12.57,44.64,46.82,0
2023-03-01,Wednesday,March,2023,Q1,0,0,10,10,88,112,200,44.0,4,6,6,10,8.2,0,0,10.57,12.33,43.57,46.78,0
2023-03-02,Thursday,March,2023,Q1,0,0,13,16,85,115,200,42.5,4,9,7,9,8.3,0,0,10.14,12.33,42.79,46.75,-3
2023-03-03,Friday,March,2023,Q1,0,0,7,16,76,124,200,38.0,2,5,1,9,8.1,0,0,10.14,12.1,42.0,46.47,-9
2023-03-04,Saturday,March,2023,Q1,1,0,7,9,74,126,200,37.0,1,6,2,12,8.0,0,0,10.43,11.93,41.36,46.18,-2
2023-03-05,Sunday,March,2023,Q1,1,0,12,13,73,127,200,36.5,4,8,3,15,7.7,0,0,11.14,12.17,40.86,45.95,-1
2023-03-06,Monday,March,2023,Q1,0,0,12,12,73,127,200,36.5,1,11,4,15,7.8,0,0,10.0,12.37,39.79,45.9,0
2023-03-07,Tuesday,March,2023,Q1,0,0,11,13,71,129,200,35.5,4,7,4,17,8.1,0,0,10.29,12.5,38.57,45.85,-2
2023-03-08,Wednesday,March,2023,Q1,0,0,12,13,70,130,200,35.0,5,7,5,18,8.4,0,0,10.57,12.4,37.29,45.77,-1
2023-03-09,Thursday,March,2023,Q1,0,0,9,5,74,126,200,37.0,5,4,5,18,8.5,0,0,10.0,12.0,36.5,45.57,4
2023-03-10,Friday,March,2023,Q1,0,0,9,8,75,125,200,37.5,1,8,6,20,8.5,0,0,10.29,11.83,36.43,45.3,1
2023-03-11,Saturday,March,2023,Q1,1,0,8,10,73,127,200,36.5,1,7,3,19,8.4,0,0,10.43,11.57,36.36,45.02,-2
2023-03-12,Sunday,March,2023,Q1,1,0,7,8,72,128,200,36.0,2,5,2,16,8.4,0,0,9.71,11.33,36.29,44.58,-1
2023-03-13,Monday,March,2023,Q1,0,0,7,9,70,130,200,35.0,3,4,2,14,8.5,0,0,9.0,11.37,36.07,44.2,-2
2023-03-14,Tuesday,March,2023,Q1,0,0,14,8,76,124,200,38.0,5,9,4,18,8.6,0,0,9.43,11.5,36.43,43.88,6
2023-03-15,Wednesday,March,2023,Q1,0,0,12,12,76,124,200,38.0,3,9,8,13,8.8,0,0,9.43,11.33,36.86,43.5,0
2023-03-16,Thursday,March,2023,Q1,0,0,9,12,73,127,200,36.5,1,8,4,13,9.0,0,0,9.43,11.07,36.79,42.98,-3
2023-03-17,Friday,March,2023,Q1,0,0,8,8,73,127,200,36.5,2,6,3,16,8.8,0,0,9.29,10.57,36.64,42.33,0
2023-03-18,Saturday,March,2023,Q1,1,0,3,8,68,132,200,34.0,1,2,1,15,8.8,0,0,8.57,10.13,36.29,41.62,-5
2023-03-19,Sunday,March,2023,Q1,1,0,10,4,74,126,200,37.0,4,6,0,17,8.4,0,0,9.0,10.03,36.43,40.98,6
2023-03-20,Monday,March,2023,Q1,0,0,20,9,85,115,200,42.5,8,12,7,23,8.4,0,0,10.86,10.47,37.5,40.65,11
2023-03-21,Tuesday,March,2023,Q1,0,0,13,9,89,111,200,44.5,6,7,5,24,8.3,0,0,10.71,10.7,38.43,40.4,4
2023-03-22,Wednesday,March,2023,Q1,0,0,6,14,81,119,200,40.5,1,5,4,22,8.3,0,0,9.86,10.47,38.79,40.02,-8
2023-03-23,Thursday,March,2023,Q1,0,0,8,11,78,122,200,39.0,3,5,2,25,8.3,0,0,9.71,10.13,39.14,39.53,-3
2023-03-24,Friday,March,2023,Q1,0,0,6,10,74,126,200,37.0,2,4,2,27,8.4,0,0,9.43,9.9,39.21,39.05,-4
2023-03-25,Saturday,March,2023,Q1,1,0,8,13,69,131,200,34.5,3,5,5,24,8.5,0,0,10.14,9.63,39.29,38.6,-5
2023-03-26,Sunday,March,2023,Q1,1,0,4,7,66,134,200,33.0,1,3,0,23,8.5,0,0,9.29,9.53,38.71,38.25,-3
2023-03-27,Monday,March,2023,Q1,0,0,14,12,68,132,200,34.0,6,8,5,22,8.4,0,0,8.43,9.83,37.5,38.0,2
2023-03-28,Tuesday,March,2023,Q1,0,0,10,9,69,131,200,34.5,3,7,5,24,8.5,0,0,8.0,9.93,36.07,37.82,1
2023-03-29,Wednesday,March,2023,Q1,0,0,9,9,69,131,200,34.5,3,6,4,28,8.5,0,0,8.43,9.57,35.21,37.5,0
2023-03-30,Thursday,March,2023,Q1,0,0,10,9,70,130,200,35.0,3,7,3,26,8.1,0,0,8.71,9.6,34.64,37.2,1
2023-03-31,Friday,March,2023,Q1,0,0,3,11,62,138,200,31.0,1,2,1,20,8.3,0,0,8.29,9.37,33.79,36.77,-8
2023-04-01,Saturday,April,2023,Q2,1,0,2,9,55,145,200,27.5,0,2,0,19,8.4,0,0,7.43,9.0,32.79,36.27,-7
2023-04-02,Sunday,April,2023,Q2,1,0,2,11,46,154,200,23.0,0,2,0,14,8.5,0,0,7.14,8.83,31.36,35.77,-9
2023-04-03,Monday,April,2023,Q2,0,0,7,9,44,156,200,22.0,4,3,3,11,8.8,0,0,6.14,8.83,29.64,35.27,-2
2023-04-04,Tuesday,April,2023,Q2,0,0,8,5,47,153,200,23.5,1,7,3,12,8.8,0,0,5.86,8.7,28.07,34.83,3
2023-04-05,Wednesday,April,2023,Q2,0,0,6,9,44,156,200,22.0,4,2,4,8,9.3,0,0,5.43,8.5,26.29,34.35,-3
2023-04-06,Thursday,April,2023,Q2,0,0,8,4,48,152,200,24.0,3,5,1,10,8.9,0,0,5.14,8.4,24.71,33.97,4
2023-04-07,Friday,April,2023,Q2,0,0,2,11,39,161,200,19.5,1,1,2,6,8.7,0,0,5.0,8.07,23.07,33.45,-9
2023-04-08,Saturday,April,2023,Q2,1,0,6,4,41,159,200,20.5,2,4,1,7,8.7,0,0,5.57,7.97,22.07,32.9,2
2023-04-09,Sunday,April,2023,Q2,1,0,8,3,46,154,200,23.0,3,5,2,8,8.6,0,0,6.43,7.93,22.07,32.42,5
2023-04-10,Monday,April,2023,Q2,0,0,8,3,51,149,200,25.5,1,7,3,9,8.6,0,0,6.57,7.93,22.57,32.05,5
2023-04-11,Tuesday,April,2023,Q2,0,0,10,9,52,148,200,26.0,1,9,3,11,8.6,0,0,6.86,8.03,22.93,31.72,1
2023-04-12,Wednesday,April,2023,Q2,0,0,8,4,56,144,200,28.0,1,7,3,11,8.3,0,0,7.14,8.07,23.79,31.48,4
2023-04-13,Thursday,April,2023,Q2,0,0,3,5,54,146,200,27.0,1,2,2,10,8.3,0,0,6.43,7.7,24.21,31.12,-2
2023-04-14,Friday,April,2023,Q2,0,0,4,7,51,149,200,25.5,1,3,2,9,8.3,0,0,6.71,7.43,25.07,30.7,-3
2023-04-15,Saturday,April,2023,Q2,1,0,3,10,44,156,200,22.0,1,2,2,7,8.4,0,0,6.29,7.23,25.29,30.22,-7
2023-04-16,Sunday,April,2023,Q2,1,0,2,8,38,162,200,19.0,1,1,1,7,8.4,0,0,5.43,7.03,24.71,29.63,-6
2023-04-17,Monday,April,2023,Q2,0,0,11,5,44,156,200,22.0,4,7,5,10,8.3,0,0,5.86,7.3,24.21,29.23,6
2023-04-18,Tuesday,April,2023,Q2,0,0,5,3,46,154,200,23.0,2,3,1,9,8.3,0,0,5.14,7.13,23.79,28.77,2
2023-04-19,Wednesday,April,2023,Q2,0,0,5,12,39,161,200,19.5,1,4,1,8,8.1,0,0,4.71,6.63,22.57,28.0,-7
2023-04-20,Thursday,April,2023,Q2,0,0,9,4,44,156,200,22.0,1,8,4,10,8.1,0,0,5.57,6.5,21.86,27.25,5
2023-04-21,Friday,April,2023,Q2,0,0,4,6,42,158,200,21.0,2,2,4,10,8.1,0,0,5.57,6.43,21.21,26.6,-2
2023-04-22,Saturday,April,2023,Q2,1,0,0,10,32,168,200,16.0,0,0,0,7,8.2,0,0,5.14,6.17,20.36,25.83,-10
2023-04-23,Sunday,April,2023,Q2,1,0,3,4,31,169,200,15.5,2,1,0,5,8.3,0,0,5.29,6.07,19.86,25.12,-1
2023-04-24,Monday,April,2023,Q2,0,0,8,5,34,166,200,17.0,1,7,3,4,8.3,0,0,4.86,6.07,19.14,24.53,3
2023-04-25,Tuesday,April,2023,Q2,0,0,5,5,34,166,200,17.0,3,2,2,2,8.5,0,0,4.86,6.1,18.29,24.0,0
2023-04-26,Wednesday,April,2023,Q2,0,0,4,6,32,168,200,16.0,1,3,2,2,8.6,0,0,4.71,5.77,17.79,23.4,-2
2023-04-27,Thursday,April,2023,Q2,0,0,4,2,34,166,200,17.0,1,3,3,3,8.4,0,0,4.0,5.57,17.07,22.82,2
2023-04-28,Friday,April,2023,Q2,0,0,3,2,35,165,200,17.5,1,2,1,4,8.3,0,0,3.86,5.37,16.57,22.25,1
2023-04-29,Saturday,April,2023,Q2,1,0,4,5,34,166,200,17.0,2,2,1,5,8.4,0,0,4.43,5.17,16.71,21.65,-1
2023-04-30,Sunday,April,2023,Q2,1,0,3,4,33,167,200,16.5,3,0,1,5,8.5,0,0,4.43,5.17,16.86,21.17,-1
2023-05-01,Monday,May,2023,Q2,0,0,4,5,32,168,200,16.0,2,2,3,6,8.4,0,0,3.86,5.23,16.71,20.78,-1
2023-05-02,Tuesday,May,2023,Q2,0,0,4,5,31,169,200,15.5,2,2,3,5,8.6,0,0,3.71,5.3,16.5,20.53,-1
2023-05-03,Wednesday,May,2023,Q2,0,0,4,4,31,169,200,15.5,1,3,1,6,8.4,0,0,3.71,5.2,16.43,20.32,0
2023-05-04,Thursday,May,2023,Q2,0,0,3,8,26,174,200,13.0,1,2,2,6,8.7,0,0,3.57,5.03,15.86,19.97,-5
2023-05-05,Friday,May,2023,Q2,0,0,3,4,25,175,200,12.5,0,3,1,6,8.3,0,0,3.57,4.93,15.14,19.65,-1
2023-05-06,Saturday,May,2023,Q2,1,0,4,2,27,173,200,13.5,1,3,1,8,8.1,0,0,3.57,4.8,14.64,19.3,2
2023-05-07,Sunday,May,2023,Q2,1,0,1,2,26,174,200,13.0,0,1,0,7,8.2,0,0,3.29,4.77,14.14,19.08,-1
2023-05-08,Monday,May,2023,Q2,0,0,9,3,32,168,200,16.0,2,7,2,7,7.9,0,0,4.0,4.87,14.14,18.93,6
2023-05-09,Tuesday,May,2023,Q2,0,0,6,4,34,166,200,17.0,1,5,4,9,8.2,0,0,4.29,4.8,14.36,18.73,2
2023-05-10,Wednesday,May,2023,Q2,0,0,4,5,33,167,200,16.5,0,4,1,8,8.1,0,0,4.29,4.67,14.5,18.43,-1
2023-05-11,Thursday,May,2023,Q2,0,0,5,6,32,168,200,16.0,3,2,1,9,8.0,0,0,4.57,4.5,14.93,18.1,-1
2023-05-12,Friday,May,2023,Q2,0,0,3,3,32,168,200,16.0,2,1,1,8,8.2,0,0,4.57,4.33,15.43,17.7,0
2023-05-13,Saturday,May,2023,Q2,1,0,0,3,29,171,200,14.5,0,0,0,8,8.1,0,0,4.0,4.23,15.57,17.28,-3
2023-05-14,Sunday,May,2023,Q2,1,0,6,6,29,171,200,14.5,1,5,2,9,8.6,0,0,4.71,4.3,15.79,16.92,0
2023-05-15,Monday,May,2023,Q2,0,0,9,6,32,168,200,16.0,3,6,6,8,8.8,0,0,4.71,4.5,15.79,16.72,3
2023-05-16,Tuesday,May,2023,Q2,0,0,9,0,41,159,200,20.5,3,6,4,8,8.8,0,0,5.14,4.73,16.29,16.77,9
2023-05-17,Wednesday,May,2023,Q2,0,0,7,4,44,156,200,22.0,2,5,1,10,8.6,0,0,5.57,4.6,17.07,16.77,3
2023-05-18,Thursday,May,2023,Q2,0,0,4,4,44,156,200,22.0,2,2,2,9,8.6,0,0,5.43,4.57,17.93,16.73,0
2023-05-19,Friday,May,2023,Q2,0,0,4,6,42,158,200,21.0,1,3,2,6,8.4,0,0,5.57,4.53,18.64,16.78,-2
2023-05-20,Saturday,May,2023,Q2,1,0,4,3,43,157,200,21.5,1,3,4,7,8.8,0,0,6.14,4.37,19.64,16.77,1
2023-05-21,Sunday,May,2023,Q2,1,0,3,3,43,157,200,21.5,0,3,3,9,8.9,0,0,5.71,4.33,20.64,16.78,0
2023-05-22,Monday,May,2023,Q2,0,0,5,6,42,158,200,21.0,3,2,1,8,9.1,0,0,5.14,4.5,21.36,16.95,-1
2023-05-23,Tuesday,May,2023,Q2,0,0,5,5,42,158,200,21.0,2,3,3,9,9.0,0,0,4.57,4.57,21.43,17.13,0
2023-05-24,Wednesday,May,2023,Q2,0,0,8,6,44,156,200,22.0,1,7,2,9,9.0,0,0,4.71,4.57,21.43,17.3,2
2023-05-25,Thursday,May,2023,Q2,0,0,4,8,40,160,200,20.0,1,3,3,8,8.9,0,0,4.71,4.53,21.14,17.4,-4
2023-05-26,Friday,May,2023,Q2,0,0,4,5,39,161,200,19.5,2,2,2,8,8.6,0,0,4.71,4.53,20.93,17.52,-1
2023-05-27,Saturday,May,2023,Q2,1,0,4,6,37,163,200,18.5,1,3,2,8,8.8,0,0,4.71,4.53,20.5,17.57,-2
2023-05-28,Sunday,May,2023,Q2,1,0,5,4,38,162,200,19.0,1,4,2,10,8.9,0,0,5.0,4.6,20.14,17.62,1
2023-05-29,Monday,May,2023,Q2,0,0,2,6,34,166,200,17.0,1,1,1,10,9.2,0,0,4.57,4.53,19.57,17.62,-4
2023-05-30,Tuesday,May,2023,Q2,0,0,4,5,33,167,200,16.5,2,2,1,10,9.1,0,0,4.43,4.57,18.93,17.62,-1
2023-05-31,Wednesday,May,2023,Q2,0,0,7,5,35,165,200,17.5,5,2,3,11,8.9,0,0,4.29,4.67,18.29,17.67,2
2023-06-01,Thursday,June,2023,Q2,0,0,5,4,36,164,200,18.0,0,5,2,11,8.3,0,0,4.43,4.7,18.0,17.75,1
2023-06-02,Friday,June,2023,Q2,0,0,7,3,40,160,200,20.0,3,4,2,11,8.6,0,0,4.86,4.8,18.07,17.9,4
2023-06-03,Saturday,June,2023,Q2,1,0,2,6,36,164,200,18.0,1,1,1,10,8.9,0,0,4.57,4.77,18.0,18.07,-4
2023-06-04,Sunday,June,2023,Q2,1,0,5,8,33,167,200,16.5,0,5,3,8,8.5,0,0,4.57,4.83,17.64,18.2,-3
2023-06-05,Monday,June,2023,Q2,0,0,9,3,39,161,200,19.5,3,6,2,8,8.5,0,0,5.57,5.0,18.0,18.4,6
2023-06-06,Tuesday,June,2023,Q2,0,0,6,3,42,158,200,21.0,0,6,2,8,8.9,0,0,5.86,5.17,18.64,18.67,3
2023-06-07,Wednesday,June,2023,Q2,0,0,3,7,38,162,200,19.0,1,2,2,5,9.1,0,0,5.29,4.97,18.86,18.77,-4
2023-06-08,Thursday,June,2023,Q2,0,0,2,4,36,164,200,18.0,1,1,1,5,9.0,0,0,4.86,4.83,18.86,18.8,-2
2023-06-09,Friday,June,2023,Q2,0,0,7,4,39,161,200,19.5,1,6,2,4,8.6,0,0,4.86,4.93,18.79,18.9,3
2023-06-10,Saturday,June,2023,Q2,1,0,3,3,39,161,200,19.5,1,2,0,4,8.5,0,0,5.0,4.87,19.0,19.02,0
2023-06-11,Sunday,June,2023,Q2,1,0,11,5,45,155,200,22.5,7,4,6,8,8.4,0,0,5.86,5.13,19.86,19.23,6
2023-06-12,Monday,June,2023,Q2,0,0,6,5,46,154,200,23.0,3,3,2,9,8.4,0,0,5.43,5.33,20.36,19.52,1
2023-06-13,Tuesday,June,2023,Q2,0,0,10,8,48,152,200,24.0,5,5,2,8,8.4,0,0,6.0,5.47,20.79,19.83,2
2023-06-14,Wednesday,June,2023,Q2,0,0,8,5,51,149,200,25.5,1,7,2,10,8.2,0,0,6.71,5.43,21.71,20.15,3
2023-06-15,Thursday,June,2023,Q2,0,0,6,6,51,149,200,25.5,2,4,3,10,8.4,0,0,7.29,5.33,22.79,20.32,0
2023-06-16,Friday,June,2023,Q2,0,0,3,7,47,153,200,23.5,1,2,1,11,8.5,0,0,6.71,5.2,23.36,20.37,-4
2023-06-17,Saturday,June,2023,Q2,1,0,3,6,44,156,200,22.0,0,3,2,11,9.0,0,0,6.71,5.17,23.71,20.37,-3
2023-06-18,Sunday,June,2023,Q2,1,0,4,6,42,158,200,21.0,2,2,3,8,8.8,0,0,5.71,5.17,23.5,20.37,-2
2023-06-19,Monday,June,2023,Q2,0,0,10,8,44,156,200,22.0,2,8,2,6,8.6,0,0,6.29,5.37,23.36,20.38,2
2023-06-20,Tuesday,June,2023,Q2,0,0,4,5,43,157,200,21.5,1,3,2,8,8.8,0,0,5.43,5.4,23.0,20.38,-1
2023-06-21,Wednesday,June,2023,Q2,0,0,9,6,46,154,200,23.0,3,6,3,7,8.7,0,0,5.57,5.53,22.64,20.45,3
2023-06-22,Thursday,June,2023,Q2,0,0,6,2,50,150,200,25.0,1,5,4,6,8.7,0,0,5.57,5.57,22.57,20.58,4
2023-06-23,Friday,June,2023,Q2,0,0,5,10,45,155,200,22.5,4,1,1,6,8.4,0,0,5.86,5.47,22.43,20.6,-5
2023-06-24,Saturday,June,2023,Q2,1,0,3,2,46,154,200,23.0,1,2,1,7,8.2,0,0,5.86,5.43,22.57,20.7,1
2023-06-25,Sunday,June,2023,Q2,1,0,6,6,46,154,200,23.0,0,6,1,7,8.3,0,0,6.14,5.5,22.86,20.82,0
2023-06-26,Monday,June,2023,Q2,0,0,10,10,46,154,200,23.0,4,6,3,8,8.2,0,0,6.14,5.7,23.0,20.97,0
2023-06-27,Tuesday,June,2023,Q2,0,0,5,4,47,153,200,23.5,1,4,4,9,7.9,0,0,6.29,5.7,23.29,21.12,1
2023-06-28,Wednesday,June,2023,Q2,0,0,3,6,44,156,200,22.0,2,1,0,10,8.1,0,0,5.43,5.73,23.14,21.28,-3
2023-06-29,Thursday,June,2023,Q2,0,0,12,8,48,152,200,24.0,4,8,5,10,8.2,0,0,6.29,6.0,23.0,21.53,4
2023-06-30,Friday,June,2023,Q2,0,0,6,7,47,153,200,23.5,1,5,1,10,8.1,0,0,6.43,5.97,23.14,21.73,-1
2023-07-01,Saturday,July,2023,Q3,1,0,6,9,44,156,200,22.0,2,4,3,9,8.3,0,0,6.86,6.0,23.0,21.87,-3
2023-07-02,Sunday,July,2023,Q3,1,0,2,6,40,160,200,20.0,1,1,1,9,8.6,0,0,6.29,5.83,22.57,21.87,-4
2023-07-03,Monday,July,2023,Q3,0,0,9,5,44,156,200,22.0,1,8,5,10,8.6,0,0,6.14,6.07,22.43,22.0,4
2023-07-04,Tuesday,July,2023,Q3,0,0,7,6,45,155,200,22.5,4,3,4,9,9.0,0,0,6.43,6.13,22.29,22.2,1
2023-07-05,Wednesday,July,2023,Q3,0,0,8,4,49,151,200,24.5,3,5,2,9,8.6,0,0,7.14,6.1,22.64,22.37,4
2023-07-06,Thursday,July,2023,Q3,0,0,12,4,57,143,200,28.5,2,10,3,11,8.5,0,0,7.14,6.3,23.29,22.62,8
2023-07-07,Friday,July,2023,Q3,0,0,4,3,58,142,200,29.0,1,3,2,12,8.0,0,0,6.86,6.33,24.07,22.95,1
2023-07-08,Saturday,July,2023,Q3,1,0,3,7,54,146,200,27.0,1,2,2,11,8.1,0,0,6.43,6.37,24.79,23.25,-4
2023-07-09,Sunday,July,2023,Q3,1,0,12,10,56,144,200,28.0,2,10,8,14,8.7,0,0,7.86,6.53,25.93,23.53,2
2023-07-10,Monday,July,2023,Q3,0,0,7,10,53,147,200,26.5,3,4,3,14,8.7,0,0,7.57,6.67,26.57,23.77,-3
2023-07-11,Tuesday,July,2023,Q3,0,0,16,5,64,136,200,32.0,5,11,9,15,8.5,0,0,8.86,6.83,27.93,24.08,11
2023-07-12,Wednesday,July,2023,Q3,0,0,14,5,73,127,200,36.5,5,9,8,15,8.2,0,0,9.71,7.1,29.64,24.53,9
2023-07-13,Thursday,July,2023,Q3,0,0,10,8,75,125,200,37.5,3,7,4,15,8.1,0,0,9.43,7.1,30.93,24.98,2
2023-07-14,Friday,July,2023,Q3,0,0,11,10,76,124,200,38.0,5,6,5,10,8.1,0,0,10.43,7.2,32.21,25.4,1
2023-07-15,Saturday,July,2023,Q3,1,0,7,5,78,122,200,39.0,4,3,4,13,8.0,0,0,11.0,7.23,33.93,25.85,2
2023-07-16,Sunday,July,2023,Q3,1,0,7,10,75,125,200,37.5,2,5,3,13,8.1,0,0,10.29,7.37,35.29,26.32,-3
2023-07-17,Monday,July,2023,Q3,0,0,10,6,79,121,200,39.5,4,6,2,12,8.2,0,0,10.71,7.6,37.14,26.9,4
2023-07-18,Tuesday,July,2023,Q3,0,0,9,21,67,133,200,33.5,4,5,4,14,8.3,0,0,9.71,7.77,37.36,27.32,-12
2023-07-19,Wednesday,July,2023,Q3,0,0,9,7,69,131,200,34.5,4,5,3,17,8.4,0,0,9.0,7.73,37.07,27.73,2
2023-07-20,Thursday,July,2023,Q3,0,0,10,11,68,132,200,34.0,3,7,3,17,8.4,0,0,9.0,7.93,36.57,28.15,-1
2023-07-21,Friday,July,2023,Q3,0,0,12,7,73,127,200,36.5,4,8,5,19,8.8,0,0,9.14,8.03,36.36,28.6,5
2023-07-22,Saturday,July,2023,Q3,1,0,5,16,62,138,200,31.0,2,3,2,15,9.3,0,0,8.86,8.0,35.21,28.8,-11
2023-07-23,Sunday,July,2023,Q3,1,0,10,9,63,137,200,31.5,3,7,2,16,9.1,0,0,9.29,8.17,34.36,29.1,1
2023-07-24,Monday,July,2023,Q3,0,0,13,4,72,128,200,36.0,4,9,11,21,8.8,0,0,9.71,8.5,33.86,29.53,9
2023-07-25,Tuesday,July,2023,Q3,0,0,5,4,73,127,200,36.5,1,4,2,20,8.5,0,0,9.14,8.47,34.29,29.98,1
2023-07-26,Wednesday,July,2023,Q3,0,0,17,10,80,120,200,40.0,5,12,8,20,8.2,0,0,10.29,8.7,35.07,30.55,7
2023-07-27,Thursday,July,2023,Q3,0,0,9,12,77,123,200,38.5,3,6,3,16,8.2,0,0,10.14,8.83,35.71,31.05,-3
2023-07-28,Friday,July,2023,Q3,0,0,6,5,78,122,200,39.0,1,5,1,13,8.0,0,0,9.29,8.93,36.07,31.62,1
2023-07-29,Saturday,July,2023,Q3,1,0,5,11,72,128,200,36.0,2,3,3,12,8.1,0,0,9.29,8.7,36.79,32.02,-6
2023-07-30,Sunday,July,2023,Q3,1,0,6,17,61,139,200,30.5,2,4,2,10,8.4,0,0,8.71,8.7,36.64,32.25,-11
2023-07-31,Monday,July,2023,Q3,0,0,11,9,63,137,200,31.5,1,10,1,8,8.2,0,0,8.43,8.87,36.0,32.57,2
2023-08-01,Tuesday,August,2023,Q3,0,0,11,13,61,139,200,30.5,2,9,7,8,8.1,0,0,9.29,9.17,35.14,32.92,-2
2023-08-02,Wednesday,August,2023,Q3,0,0,15,8,68,132,200,34.0,10,5,5,11,8.2,0,0,9.0,9.37,34.29,33.32,7
2023-08-03,Thursday,August,2023,Q3,0,0,8,7,69,131,200,34.5,4,4,6,11,8.1,0,0,8.86,9.4,33.71,33.72,1
2023-08-04,Friday,August,2023,Q3,0,0,5,13,61,139,200,30.5,3,2,2,12,8.2,0,0,8.71,9.3,32.5,33.92,-8
2023-08-05,Saturday,August,2023,Q3,1,0,2,6,57,143,200,28.5,2,0,0,12,8.3,0,0,8.29,8.97,31.43,33.92,-4
2023-08-06,Sunday,August,2023,Q3,1,0,2,7,52,148,200,26.0,0,2,1,12,8.0,0,0,7.71,8.9,30.79,33.82,-5
2023-08-07,Monday,August,2023,Q3,0,0,14,10,56,144,200,28.0,6,8,6,14,8.2,0,0,8.14,9.27,30.29,33.85,4
2023-08-08,Tuesday,August,2023,Q3,0,0,13,6,63,137,200,31.5,2,11,4,13,8.3,0,0,8.43,9.3,30.43,33.97,7
2023-08-09,Wednesday,August,2023,Q3,0,0,9,7,65,135,200,32.5,4,5,5,14,8.4,0,0,7.57,9.37,30.21,34.17,2
2023-08-10,Thursday,August,2023,Q3,0,0,4,10,59,141,200,29.5,2,2,1,14,8.4,0,0,7.0,8.97,29.5,34.08,-6
2023-08-11,Friday,August,2023,Q3,0,0,1,11,49,151,200,24.5,0,1,1,13,8.4,0,0,6.43,8.53,28.64,33.68,-10
2023-08-12,Saturday,August,2023,Q3,1,0,7,5,51,149,200,25.5,3,4,3,11,8.4,0,0,7.14,8.43,28.21,33.28,2
2023-08-13,Sunday,August,2023,Q3,1,0,4,8,47,153,200,23.5,0,4,1,8,8.1,0,0,7.43,8.2,27.86,32.8,-4
2023-08-14,Monday,August,2023,Q3,0,0,14,5,56,144,200,28.0,1,13,9,9,8.0,0,0,7.43,8.43,27.86,32.43,9
2023-08-15,Tuesday,August,2023,Q3,0,0,10,11,55,145,200,27.5,4,6,5,12,8.1,0,0,7.0,8.53,27.29,32.1,-1
2023-08-16,Wednesday,August,2023,Q3,0,0,9,5,59,141,200,29.5,1,8,4,11,8.1,0,0,7.0,8.5,26.86,31.77,4
2023-08-17,Thursday,August,2023,Q3,0,0,9,9,59,141,200,29.5,5,4,4,14,8.6,0,0,7.71,8.5,26.86,31.63,0
2023-08-18,Friday,August,2023,Q3,0,0,4,5,58,142,200,29.0,1,3,2,13,8.3,0,0,8.14,8.33,27.5,31.45,-1
2023-08-19,Saturday,August,2023,Q3,1,0,4,6,56,144,200,28.0,1,3,0,13,8.1,0,0,7.71,8.13,27.86,31.25,-2
2023-08-20,Sunday,August,2023,Q3,1,0,10,8,58,142,200,29.0,4,6,6,17,8.3,0,0,8.57,8.07,28.64,31.0,2
2023-08-21,Monday,August,2023,Q3,0,0,13,11,60,140,200,30.0,3,10,4,19,8.6,0,0,8.43,8.33,28.93,30.97,2
2023-08-22,Tuesday,August,2023,Q3,0,0,19,8,71,129,200,35.5,4,15,9,19,8.2,0,0,9.71,8.63,30.07,31.1,11
2023-08-23,Wednesday,August,2023,Q3,0,0,12,4,79,121,200,39.5,3,9,6,23,8.2,0,0,10.14,8.6,31.5,31.22,8
2023-08-24,Thursday,August,2023,Q3,0,0,6,10,75,125,200,37.5,5,1,1,22,8.4,0,0,9.71,8.63,32.64,31.25,-4
2023-08-25,Friday,August,2023,Q3,0,0,3,8,70,130,200,35.0,0,3,1,21,8.4,0,0,9.57,8.17,33.5,31.08,-5
2023-08-26,Saturday,August,2023,Q3,1,0,7,12,65,135,200,32.5,1,6,4,22,8.4,0,0,10.0,8.1,34.14,30.88,-5
2023-08-27,Sunday,August,2023,Q3,1,0,5,11,59,141,200,29.5,3,2,2,19,8.6,0,0,9.29,8.07,34.21,30.57,-6
2023-08-28,Monday,August,2023,Q3,0,0,12,4,67,133,200,33.5,2,10,7,19,8.5,0,0,9.14,8.3,34.71,30.48,8
2023-08-29,Tuesday,August,2023,Q3,0,0,4,6,65,135,200,32.5,2,2,0,17,8.6,0,0,7.0,8.23,34.29,30.55,-2
2023-08-30,Wednesday,August,2023,Q3,0,0,12,13,64,136,200,32.0,5,7,6,16,8.3,0,0,7.0,8.27,33.21,30.57,-1
2023-08-31,Thursday,August,2023,Q3,0,0,8,8,64,136,200,32.0,1,7,3,18,8.3,0,0,7.29,8.17,32.43,30.62,0
2023-09-01,Friday,September,2023,Q3,0,0,7,15,56,144,200,28.0,5,2,3,11,8.2,0,0,7.86,7.9,31.43,30.42,-8
2023-09-02,Saturday,September,2023,Q3,1,0,2,5,53,147,200,26.5,1,1,1,8,8.0,0,0,7.14,7.7,30.57,30.15,-3
2023-09-03,Sunday,September,2023,Q3,1,0,2,8,47,153,200,23.5,2,0,1,7,8.2,0,0,6.71,7.6,29.71,29.92,-6
2023-09-04,Monday,September,2023,Q3,0,0,15,9,53,147,200,26.5,4,11,6,9,7.8,0,0,7.14,8.03,28.71,29.85,6
2023-09-05,Tuesday,September,2023,Q3,0,0,13,6,60,140,200,30.0,5,8,6,9,7.9,0,0,8.43,8.4,28.36,29.98,7
2023-09-06,Wednesday,September,2023,Q3,0,0,10,9,61,139,200,30.5,4,6,3,10,7.9,0,0,8.14,8.27,28.14,30.07,1
2023-09-07,Thursday,September,2023,Q3,0,0,7,10,58,142,200,29.0,2,5,2,8,8.0,0,0,8.0,8.07,27.71,29.98,-3
2023-09-08,Friday,September,2023,Q3,0,0,7,11,54,146,200,27.0,1,6,5,9,8.4,0,0,8.0,8.0,27.57,29.8,-4
2023-09-09,Saturday,September,2023,Q3,1,0,5,5,54,146,200,27.0,0,5,2,9,8.5,0,0,8.43,8.03,27.64,29.72,0
2023-09-10,Sunday,September,2023,Q3,1,0,3,3,54,146,200,27.0,0,3,2,11,8.5,0,0,8.57,8.1,28.14,29.8,0
2023-09-11,Monday,September,2023,Q3,0,0,6,5,55,145,200,27.5,2,4,2,12,8.3,0,0,7.29,8.07,28.29,29.87,1
2023-09-12,Tuesday,September,2023,Q3,0,0,9,10,54,146,200,27.0,0,9,2,14,8.5,0,0,6.71,8.23,27.86,29.98,-1
2023-09-13,Wednesday,September,2023,Q3,0,0,9,7,56,144,200,28.0,3,6,1,15,8.5,0,0,6.57,8.07,27.5,29.98,2
2023-09-14,Thursday,September,2023,Q3,0,0,6,9,53,147,200,26.5,2,4,1,16,8.4,0,0,6.43,7.93,27.14,29.95,-3
2023-09-15,Friday,September,2023,Q3,0,0,3,8,48,152,200,24.0,3,0,1,14,8.3,0,0,5.86,7.73,26.71,29.77,-5
2023-09-16,Saturday,September,2023,Q3,1,0,2,4,46,154,200,23.0,2,0,0,14,8.2,0,0,5.43,7.5,26.14,29.55,-2
2023-09-17,Sunday,September,2023,Q3,1,0,5,12,39,161,200,19.5,2,3,2,10,8.5,0,0,5.71,7.53,25.07,29.23,-7
2023-09-18,Monday,September,2023,Q3,0,0,10,9,40,160,200,20.0,5,5,4,10,8.8,0,0,6.29,7.73,24.0,28.97,1
2023-09-19,Tuesday,September,2023,Q3,0,0,4,5,39,161,200,19.5,2,2,1,9,8.8,0,0,5.57,7.53,22.93,28.65,-1
2023-09-20,Wednesday,September,2023,Q3,0,0,5,6,38,162,200,19.0,2,3,2,11,9.2,0,0,5.0,7.27,21.64,28.28,-1
2023-09-21,Thursday,September,2023,Q3,0,0,4,2,40,160,200,20.0,2,2,2,9,9.2,0,0,4.71,6.77,20.71,27.77,2
2023-09-22,Friday,September,2023,Q3,0,0,5,3,42,158,200,21.0,0,5,3,9,9.2,0,0,5.0,6.53,20.29,27.15,2
2023-09-23,Saturday,September,2023,Q3,1,0,3,6,39,161,200,19.5,1,2,2,9,9.1,0,0,5.14,6.43,19.79,26.55,-3
2023-09-24,Sunday,September,2023,Q3,1,0,4,1,42,158,200,21.0,1,3,3,9,8.9,0,0,5.0,6.47,20.0,26.08,3
2023-09-25,Monday,September,2023,Q3,0,0,2,8,36,164,200,18.0,1,1,0,9,9.0,0,0,3.86,6.3,19.71,25.6,-6
2023-09-26,Tuesday,September,2023,Q3,0,0,6,5,37,163,200,18.5,3,3,2,10,8.8,0,0,4.14,6.33,19.57,25.23,1
2023-09-27,Wednesday,September,2023,Q3,0,0,1,4,34,166,200,17.0,0,1,1,10,8.9,0,0,3.57,5.97,19.29,24.68,-3
2023-09-28,Thursday,September,2023,Q3,0,0,7,6,35,165,200,17.5,1,6,3,12,9.0,0,0,4.0,6.07,18.93,24.18,1
2023-09-29,Friday,September,2023,Q3,0,0,1,2,34,166,200,17.0,1,0,0,11,8.8,0,0,3.43,5.7,18.36,23.68,-1
2023-09-30,Saturday,September,2023,Q3,1,0,2,6,30,170,200,15.0,1,1,1,9,8.5,0,0,3.29,5.5,17.71,23.12,-4
2023-10-01,Sunday,October,2023,Q4,1,0,2,9,23,177,200,11.5,0,2,0,6,8.2,0,0,3.0,5.33,16.36,22.57,-7
2023-10-02,Monday,October,2023,Q4,0,0,10,4,29,171,200,14.5,3,7,3,6,8.5,0,0,4.14,5.6,15.86,22.17,6
2023-10-03,Tuesday,October,2023,Q4,0,0,6,3,32,168,200,16.0,3,3,3,7,8.4,0,0,4.14,5.73,15.5,21.92,3
2023-10-04,Wednesday,October,2023,Q4,0,0,8,5,35,165,200,17.5,4,4,3,6,8.5,0,0,5.14,5.5,15.57,21.62,3
2023-10-05,Thursday,October,2023,Q4,0,0,2,3,34,166,200,17.0,0,2,2,6,8.9,0,0,4.43,5.13,15.5,21.18,-1
2023-10-06,Friday,October,2023,Q4,0,0,6,2,38,162,200,19.0,0,6,4,7,8.4,0,0,5.14,5.0,15.79,20.8,4
2023-10-07,Saturday,October,2023,Q4,1,0,2,5,35,165,200,17.5,2,0,1,4,8.4,0,0,5.14,4.83,16.14,20.42,-3
2023-10-08,Sunday,October,2023,Q4,1,0,6,6,35,165,200,17.5,3,3,1,4,8.8,0,0,5.71,4.8,17.0,20.1,0
2023-10-09,Monday,October,2023,Q4,0,0,5,2,38,162,200,19.0,3,2,4,4,8.9,0,0,5.0,4.8,17.64,19.83,3
2023-10-10,Tuesday,October,2023,Q4,0,0,5,4,39,161,200,19.5,3,2,1,5,8.9,0,0,4.86,4.87,18.14,19.58,1
2023-10-11,Wednesday,October,2023,Q4,0,0,4,3,40,160,200,20.0,1,3,4,7,9.2,0,0,4.29,4.8,18.5,19.33,1
2023-10-12,Thursday,October,2023,Q4,0,0,6,6,40,160,200,20.0,1,5,2,7,9.0,0,0,4.86,4.7,18.93,19.1,0
2023-10-13,Friday,October,2023,Q4,0,0,6,6,40,160,200,20.0,1,5,3,6,8.8,0,0,4.86,4.6,19.07,18.83,0
2023-10-14,Saturday,October,2023,Q4,1,0,2,4,38,162,200,19.0,2,0,2,6,9.0,0,0,4.86,4.47,19.29,18.58,-2
2023-10-15,Sunday,October,2023,Q4,1,0,5,6,37,163,200,18.5,2,3,2,6,8.9,0,0,4.71,4.53,19.43,18.4,-1
2023-10-16,Monday,October,2023,Q4,0,0,4,4,37,163,200,18.5,2,2,2,5,8.8,0,0,4.57,4.6,19.36,18.25,0
2023-10-17,Tuesday,October,2023,Q4,0,0,3,2,38,162,200,19.0,1,2,1,5,8.9,0,0,4.29,4.53,19.29,18.23,1
2023-10-18,Wednesday,October,2023,Q4,0,0,2,12,28,172,200,14.0,0,2,1,4,9.6,0,0,4.0,4.27,18.43,18.03,-10
2023-10-19,Thursday,October,2023,Q4,0,0,6,4,30,170,200,15.0,2,4,1,4,9.2,0,0,4.0,4.33,17.71,17.88,2
2023-10-20,Friday,October,2023,Q4,0,0,2,2,30,170,200,15.0,2,0,1,4,9.1,0,0,3.43,4.23,17.0,17.75,0
2023-10-21,Saturday,October,2023,Q4,1,0,2,5,27,173,200,13.5,0,2,0,4,9.5,0,0,3.43,4.17,16.21,17.53,-3
2023-10-22,Sunday,October,2023,Q4,1,0,9,1,35,165,200,17.5,2,7,2,6,8.6,0,0,4.0,4.3,16.07,17.42,8
2023-10-23,Monday,October,2023,Q4,0,0,6,3,38,162,200,19.0,2,4,2,8,8.6,0,0,4.29,4.4,16.14,17.4,3
2023-10-24,Tuesday,October,2023,Q4,0,0,5,8,35,165,200,17.5,2,3,1,7,8.4,0,0,4.57,4.43,15.93,17.28,-3
2023-10-25,Wednesday,October,2023,Q4,0,0,5,4,36,164,200,18.0,1,4,2,8,8.6,0,0,5.0,4.53,16.5,17.28,1
2023-10-26,Thursday,October,2023,Q4,0,0,6,4,38,162,200,19.0,2,4,4,11,8.7,0,0,5.0,4.53,17.07,17.3,2
2023-10-27,Friday,October,2023,Q4,0,0,2,3,37,163,200,18.5,2,0,1,11,8.8,0,0,5.0,4.57,17.57,17.35,-1
2023-10-28,Saturday,October,2023,Q4,1,0,3,4,36,164,200,18.0,2,1,1,12,9.1,0,0,5.14,4.43,18.21,17.37,-1
2023-10-29,Sunday,October,2023,Q4,1,0,2,6,32,168,200,16.0,0,2,1,8,9.3,0,0,4.14,4.47,18.0,17.33,-4
2023-10-30,Monday,October,2023,Q4,0,0,7,6,33,167,200,16.5,2,5,3,7,8.9,0,0,4.29,4.63,17.64,17.38,1
2023-10-31,Tuesday,October,2023,Q4,0,0,6,3,36,164,200,18.0,2,4,1,8,8.6,0,0,4.43,4.77,17.71,17.6,3
2023-11-01,Wednesday,November,2023,Q4,0,0,8,5,39,161,200,19.5,1,7,4,9,8.6,0,0,4.86,4.7,17.93,17.77,3
2023-11-02,Thursday,November,2023,Q4,0,0,3,4,38,162,200,19.0,3,0,2,7,8.8,0,0,4.43,4.6,17.93,17.87,-1
2023-11-03,Friday,November,2023,Q4,0,0,1,3,36,164,200,18.0,0,1,1,7,8.9,0,0,4.29,4.37,17.86,17.88,-2
2023-11-04,Saturday,November,2023,Q4,1,0,3,5,34,166,200,17.0,2,1,2,6,9.4,0,0,4.29,4.4,17.71,17.88,-2
2023-11-05,Sunday,November,2023,Q4,1,0,2,5,31,169,200,15.5,1,1,0,7,9.5,0,0,4.29,4.27,17.64,17.77,-3
2023-11-06,Monday,November,2023,Q4,0,0,5,6,30,170,200,15.0,0,5,2,6,9.2,0,0,4.0,4.37,17.43,17.68,-1
2023-11-07,Tuesday,November,2023,Q4,0,0,2,2,30,170,200,15.0,2,0,2,6,9.1,0,0,3.43,4.23,17.0,17.6,0
2023-11-08,Wednesday,November,2023,Q4,0,0,6,6,30,170,200,15.0,4,2,2,4,8.9,0,0,3.14,4.27,16.36,17.47,0
2023-11-09,Thursday,November,2023,Q4,0,0,4,4,30,170,200,15.0,1,3,2,3,8.8,0,0,3.29,4.23,15.79,17.32,0
2023-11-10,Friday,November,2023,Q4,0,0,2,1,31,169,200,15.5,0,2,2,3,8.7,0,0,3.43,4.17,15.43,17.17,1
2023-11-11,Saturday,November,2023,Q4,1,0,2,6,27,173,200,13.5,2,0,2,4,9.0,0,0,3.29,4.03,14.93,16.95,-4
2023-11-12,Sunday,November,2023,Q4,1,0,1,5,23,177,200,11.5,0,1,0,3,8.8,0,0,3.14,3.87,14.36,16.67,-4
2023-11-13,Monday,November,2023,Q4,0,0,4,2,25,175,200,12.5,2,2,2,3,8.8,0,0,3.0,3.93,14.0,16.45,2
2023-11-14,Tuesday,November,2023,Q4,0,0,8,5,28,172,200,14.0,1,7,3,3,8.0,0,0,3.86,4.03,13.86,16.3,3
2023-11-15,Wednesday,November,2023,Q4,0,0,6,4,30,170,200,15.0,3,3,2,4,7.9,0,0,3.86,4.1,13.86,16.18,2
2023-11-16,Thursday,November,2023,Q4,0,0,7,4,33,167,200,16.5,2,5,2,4,7.4,0,0,4.29,4.23,14.07,16.1,3
2023-11-17,Friday,November,2023,Q4,0,0,2,4,31,169,200,15.5,0,2,2,4,7.6,0,0,4.29,4.23,14.07,16.15,-2
2023-11-18,Saturday,November,2023,Q4,1,0,2,4,29,171,200,14.5,0,2,0,5,7.9,0,0,4.29,4.1,14.21,16.13,-2
2023-11-19,Sunday,November,2023,Q4,1,0,3,1,31,169,200,15.5,1,2,1,5,7.9,0,0,4.57,4.13,14.79,16.15,2
2023-11-20,Monday,November,2023,Q4,0,0,8,3,36,164,200,18.0,4,4,1,7,7.8,0,0,5.14,4.33,15.57,16.3,5
2023-11-21,Tuesday,November,2023,Q4,0,0,5,8,33,167,200,16.5,2,3,2,8,7.9,0,0,4.71,4.2,15.93,16.27,-3
2023-11-22,Wednesday,November,2023,Q4,0,0,8,5,36,164,200,18.0,3,5,5,8,8.0,0,0,5.0,4.27,16.36,16.23,3
2023-11-23,Thursday,November,2023,Q4,0,0,4,5,35,165,200,17.5,2,2,0,7,7.9,0,0,4.57,4.23,16.5,16.23,-1
2023-11-24,Friday,November,2023,Q4,0,0,4,4,35,165,200,17.5,0,4,2,7,8.0,0,0,4.86,4.2,16.79,16.22,0
2023-11-25,Saturday,November,2023,Q4,1,0,1,3,33,167,200,16.5,0,1,1,7,8.0,0,0,4.71,4.03,17.07,16.13,-2
2023-11-26,Sunday,November,2023,Q4,1,0,2,7,28,172,200,14.0,0,2,0,7,8.6,0,0,4.57,4.03,16.86,15.98,-5
2023-11-27,Monday,November,2023,Q4,0,0,6,3,31,169,200,15.5,1,5,1,7,8.2,0,0,4.29,4.13,16.5,15.9,3
2023-11-28,Tuesday,November,2023,Q4,0,0,5,4,32,168,200,16.0,2,3,4,7,8.6,0,0,4.29,4.23,16.43,15.9,1
2023-11-29,Wednesday,November,2023,Q4,0,0,4,5,31,169,200,15.5,1,3,0,6,8.5,0,0,3.71,4.13,16.07,15.87,-1
2023-11-30,Thursday,November,2023,Q4,0,0,5,7,29,171,200,14.5,1,4,2,3,8.2,0,0,3.86,4.1,15.64,15.75,-2
2023-12-01,Friday,December,2023,Q4,0,0,1,3,27,173,200,13.5,0,1,0,3,7.9,0,0,3.43,3.87,15.07,15.55,-2
2023-12-02,Saturday,December,2023,Q4,1,0,1,4,24,176,200,12.0,0,1,1,1,7.8,0,0,3.43,3.8,14.43,15.32,-3
2023-12-03,Sunday,December,2023,Q4,1,0,1,5,20,180,200,10.0,0,1,1,1,8.2,0,0,3.29,3.8,13.86,15.05,-4
2023-12-04,Monday,December,2023,Q4,0,0,2,2,20,180,200,10.0,0,2,0,1,8.4,0,0,2.71,3.77,13.07,14.82,0
2023-12-05,Tuesday,December,2023,Q4,0,0,4,6,18,182,200,9.0,2,2,3,1,8.2,0,0,2.57,3.83,12.07,14.6,-2
2023-12-06,Wednesday,December,2023,Q4,0,0,4,3,19,181,200,9.5,0,4,3,1,7.7,0,0,2.57,3.8,11.21,14.42,1
2023-12-07,Thursday,December,2023,Q4,0,0,3,3,19,181,200,9.5,1,2,1,2,7.5,0,0,2.29,3.83,10.5,14.23,0
2023-12-08,Friday,December,2023,Q4,0,0,4,2,21,179,200,10.5,0,4,2,3,7.7,0,0,2.71,3.77,10.07,14.08,2
2023-12-09,Saturday,December,2023,Q4,1,0,5,4,22,178,200,11.0,1,4,1,5,7.4,0,0,3.29,3.8,9.93,13.95,1
2023-12-10,Sunday,December,2023,Q4,1,0,4,3,23,177,200,11.5,1,3,2,6,8.0,0,0,3.71,3.87,10.14,13.82,1
2023-12-11,Monday,December,2023,Q4,0,0,2,0,25,175,200,12.5,0,2,0,6,7.7,0,0,3.71,3.87,10.5,13.78,2
2023-12-12,Tuesday,December,2023,Q4,0,0,3,2,26,174,200,13.0,1,2,0,6,7.4,0,0,3.57,3.93,11.07,13.83,1
2023-12-13,Wednesday,December,2023,Q4,0,0,2,9,19,181,200,9.5,0,2,0,5,8.3,0,0,3.29,3.87,11.07,13.73,-7
2023-12-14,Thursday,December,2023,Q4,0,0,5,2,22,178,200,11.0,2,3,3,6,8.3,0,0,3.57,3.77,11.29,13.63,3
2023-12-15,Friday,December,2023,Q4,0,0,2,2,22,178,200,11.0,1,1,0,7,8.3,0,0,3.29,3.63,11.36,13.5,0
2023-12-16,Saturday,December,2023,Q4,1,0,3,5,20,180,200,10.0,2,1,2,7,9.4,0,0,3.0,3.5,11.21,13.28,-2
2023-12-17,Sunday,December,2023,Q4,1,0,3,2,21,179,200,10.5,2,1,1,8,9.3,0,0,2.86,3.53,11.07,13.12,1
2023-12-18,Monday,December,2023,Q4,0,0,6,0,27,173,200,13.5,1,5,1,9,9.0,0,0,3.43,3.67,11.21,13.08,6
2023-12-19,Tuesday,December,2023,Q4,0,0,3,3,27,173,200,13.5,1,2,1,8,9.4,0,0,3.43,3.67,11.29,13.02,0
2023-12-20,Wednesday,December,2023,Q4,0,0,3,3,27,173,200,13.5,2,1,1,7,9.3,0,0,3.57,3.5,11.86,12.87,0
2023-12-21,Thursday,December,2023,Q4,0,0,4,2,29,171,200,14.5,2,2,4,7,9.3,0,0,3.43,3.47,12.36,12.8,2
2023-12-22,Friday,December,2023,Q4,0,0,3,3,29,171,200,14.5,1,2,2,8,9.4,0,0,3.57,3.3,12.86,12.68,0
2023-12-23,Saturday,December,2023,Q4,1,0,3,5,27,173,200,13.5,0,3,0,7,9.4,0,0,3.57,3.27,13.36,12.55,-2
2023-12-24,Sunday,December,2023,Q4,1,1,2,1,28,172,200,14.0,0,2,0,7,9.1,0,0,3.43,3.2,13.86,12.43,1
2023-12-25,Monday,December,2023,Q4,0,1,10,3,35,165,200,17.5,3,7,4,7,8.5,0,0,4.0,3.5,14.43,12.47,7
2023-12-26,Tuesday,December,2023,Q4,0,1,2,4,33,167,200,16.5,0,2,1,6,8.4,0,0,3.86,3.5,14.86,12.55,-2
2023-12-27,Wednesday,December,2023,Q4,0,1,7,5,35,165,200,17.5,1,6,3,7,8.4,0,0,4.43,3.53,15.43,12.62,2
2023-12-28,Thursday,December,2023,Q4,0,1,8,4,39,161,200,19.5,2,6,4,9,8.1,0,0,5.0,3.63,16.14,12.73,4
2023-12-29,Friday,December,2023,Q4,0,1,1,3,37,163,200,18.5,1,0,0,10,8.2,0,0,4.71,3.53,16.71,12.83,-2
2023-12-30,Saturday,December,2023,Q4,1,1,1,5,33,167,200,16.5,1,0,1,10,8.5,0,0,4.43,3.4,17.14,12.9,-4
2023-12-31,Sunday,December,2023,Q4,1,1,6,4,35,165,200,17.5,2,4,3,10,8.7,0,0,5.0,3.57,17.64,13.03,2
